project_id,mp_name,constituency,state,district,work_type,latitude,longitude,recommended_date,sanction_date,completion_date,status,allocated_amount,sanctioned_amount,expenditure_reported,unspent_balance,vendor_name,vendor_reg_no,vendor_pan,vendor_registration_date,contract_amount,has_photo,photo_urls,uc_text
MPLAD-KA-2022-1001,Shri Tejasvi Surya,Bengaluru South (KA-26),Karnataka,Bengaluru Urban,School Classroom & Lab Building,13.010248,77.553783,2021-10-13,2021-11-10,,Ongoing,4317565.74,4140758.19,1294869.21,2845888.98,Apex Infra Buildtech Pvt Ltd,REG-UP-98213,AABCA1234F,2018-05-10,3953118.75,False,,"Karya 'School Classroom & Lab Building' at Gram Panchayat Bengaluru Urban successfully completed. Total expenditure Rs 1,294,869.21 verified against Sanction Order 2021/MPLAD/1. Site inspection conducted by Junior Engineer PWD on 01-Jul-2022. All quality benchmarks, MB book entries, and muster rolls found satisfactory. Upayogita Praman Patra niyamit hai."
MPLAD-MA-2023-1002,Shri Rajesh Patil,Pune (MH-34),Maharashtra,Pune,Model Digital Library & Smart Class,18.530199,73.891263,2023-05-10,2023-06-22,2023-12-13,Completed,6166013.2,5553419.02,5690902.25,0.0,Apex Infra Buildtech Pvt Ltd,REG-UP-98213,AABCA1234F,2020-10-16,5469601.1,True,https://mplad-portal.gov.in/photos/geo_proof_2.jpg,"Karya 'Model Digital Library & Smart Class' at Gram Panchayat Pune successfully completed. Total expenditure Rs 5,690,902.25 verified against Sanction Order 2023/MPLAD/2. Site inspection conducted by Junior Engineer PWD on 13-Dec-2023. All quality benchmarks, MB book entries, and muster rolls found satisfactory. Upayogita Praman Patra niyamit hai."
MPLAD-RA-2024-1003,Smt. Meena Devi,Jaipur Rural (RJ-06),Rajasthan,Jaipur,Anganwadi & Nutritious Meal Center,26.847239,75.722775,2022-12-06,2023-01-23,2023-10-16,Completed,3715974.16,3390761.82,3526047.79,0.0,Shree Balaji Constructions,REG-BR-45210,BCDEF2345G,2018-01-20,3234583.36,True,https://mplad-portal.gov.in/photos/geo_proof_3.jpg,"Karya 'Anganwadi & Nutritious Meal Center' at Gram Panchayat Jaipur successfully completed. Total expenditure Rs 3,526,047.79 verified against Sanction Order 2022/MPLAD/3. Site inspection conducted by Junior Engineer PWD on 16-Oct-2023. All quality benchmarks, MB book entries, and muster rolls found satisfactory. Upayogita Praman Patra niyamit hai."
MPLAD-TA-2021-1004,Shri D. Kathir Anand,Vellore (TN-08),Tamil Nadu,Salem,Deep Borewell & Drinking Water Supply,11.595429,78.171802,2022-08-16,2022-09-10,2023-06-15,Completed,1207010.01,1119860.7,1122815.99,0.0,Durga Infratech Projects,REG-JH-77651,LMNOP2345S,2019-06-15,1084295.73,True,https://mplad-portal.gov.in/photos/geo_proof_4.jpg,"Karya 'Deep Borewell & Drinking Water Supply' at Gram Panchayat Salem successfully completed. Total expenditure Rs 1,122,815.99 verified against Sanction Order 2022/MPLAD/4. Site inspection conducted by Junior Engineer PWD on 15-Jun-2023. All quality benchmarks, MB book entries, and muster rolls found satisfactory. Upayogita Praman Patra niyamit hai."
MPLAD-KA-2022-1005,Shri Tejasvi Surya,Bengaluru South (KA-26),Karnataka,Bengaluru Urban,Community Health Center Expansion,13.041465,77.618286,2021-12-17,2022-03-10,2022-11-11,Completed,3735821.48,3463087.02,3602652.38,0.0,Durga Infratech Projects,REG-JH-77651,LMNOP2345S,2017-07-03,3409090.91,True,https://mplad-portal.gov.in/photos/geo_proof_5.jpg,"Karya 'Community Health Center Expansion' at Gram Panchayat Bengaluru Urban successfully completed. Total expenditure Rs 3,602,652.38 verified against Sanction Order 2021/MPLAD/5. Site inspection conducted by Junior Engineer PWD on 11-Nov-2022. All quality benchmarks, MB book entries, and muster rolls found satisfactory. Upayogita Praman Patra niyamit hai."
MPLAD-CH-2023-1006,Shri Sunil Soni,Raipur (CG-08),Chhattisgarh,Raipur,Road Construction & Culverts,21.302888,81.678407,2023-04-02,2023-05-21,2023-08-05,Completed,7100368.0,7012584.47,6738449.39,274135.08,Pioneer Civil Works,REG-RJ-77412,DEFGH4567J,2017-04-14,6891771.2,True,https://mplad-portal.gov.in/photos/geo_proof_6.jpg,"Karya 'Road Construction & Culverts' at Gram Panchayat Raipur successfully completed. Total expenditure Rs 6,738,449.39 verified against Sanction Order 2023/MPLAD/6. Site inspection conducted by Junior Engineer PWD on 05-Aug-2023. All quality benchmarks, MB book entries, and muster rolls found satisfactory. Upayogita Praman Patra niyamit hai."
MPLAD-BI-2024-1007,Shri Arvind Singh,Patna Sahib (BR-30),Bihar,Patna,Community Health Center Expansion,25.55356,85.147419,2022-06-23,2022-09-20,,Sanctioned,3295803.54,3038507.0,757756.25,2280750.75,National Highway Contractors,REG-MH-11209,CDEFG3456H,2020-08-20,2963991.61,False,,"Karya 'Community Health Center Expansion' at Gram Panchayat Patna successfully completed. Total expenditure Rs 757,756.25 verified against Sanction Order 2022/MPLAD/7. Site inspection conducted by Junior Engineer PWD on 08-Mar-2023. All quality benchmarks, MB book entries, and muster rolls found satisfactory. Upayogita Praman Patra niyamit hai."
MPLAD-JH-2021-1008,Shri Sanjay Seth,Ranchi (JH-08),Jharkhand,Ranchi,Road Construction & Culverts,23.288555,85.255197,2023-05-15,2023-06-07,2023-11-12,Completed,7472849.66,7120963.89,7450238.61,0.0,Shree Balaji Constructions,REG-BR-45210,BCDEF2345G,2021-04-06,7071394.75,False,,"Karya 'Road Construction & Culverts' at Gram Panchayat Ranchi successfully completed. Total expenditure Rs 7,450,238.61 verified against Sanction Order 2023/MPLAD/8. Site inspection conducted by Junior Engineer PWD on 12-Nov-2023. All quality benchmarks, MB book entries, and muster rolls found satisfactory. Upayogita Praman Patra niyamit hai."
MPLAD-KA-2022-1009,Shri Tejasvi Surya,Bengaluru South (KA-26),Karnataka,Bengaluru Urban,Community Hall & Cyclone Shelter,13.014576,77.569028,2022-08-25,2022-11-03,2023-02-11,Completed,7176711.49,7087614.73,6763289.57,324325.16,Sai Krupa Water Solutions,REG-MP-88321,EFGHI5678K,2020-08-20,6910632.07,True,https://mplad-portal.gov.in/photos/geo_proof_9.jpg,"Karya 'Community Hall & Cyclone Shelter' at Gram Panchayat Bengaluru Urban successfully completed. Total expenditure Rs 6,763,289.57 verified against Sanction Order 2022/MPLAD/9. Site inspection conducted by Junior Engineer PWD on 11-Feb-2023. All quality benchmarks, MB book entries, and muster rolls found satisfactory. Upayogita Praman Patra niyamit hai."
MPLAD-CH-2023-1010,Shri Sunil Soni,Raipur (CG-08),Chhattisgarh,Raipur,Community Health Center Expansion,21.252626,81.581426,2023-02-05,2023-03-12,,Stalled,6957038.56,6900334.17,1033229.45,5867104.72,Surya Power & Solar Ltd,REG-DL-44321,KLMNO1234R,2021-01-08,6723894.59,False,,"Karya 'Community Health Center Expansion' at Gram Panchayat Raipur successfully completed. Total expenditure Rs 1,033,229.45 verified against Sanction Order 2023/MPLAD/10. Site inspection conducted by Junior Engineer PWD on 26-Sep-2023. All quality benchmarks, MB book entries, and muster rolls found satisfactory. Upayogita Praman Patra niyamit hai."
MPLAD-UT-2024-1011,Shri Ravi Shankar,Varanasi (UP-77),Uttar Pradesh,Varanasi,Anganwadi & Nutritious Meal Center,25.435943,81.846255,2021-06-11,2021-07-06,2022-03-10,Completed,984487.63,960919.21,979713.33,0.0,Sai Krupa Water Solutions,REG-MP-88321,EFGHI5678K,2018-10-09,919041.94,True,https://mplad-portal.gov.in/photos/geo_proof_11.jpg,"Work completed as per norms, funds utilized properly as sanctioned. Karya niyamanoosar sampann hua."
MPLAD-MA-2021-1012,Shri Suresh Patel,Indore (MP-26),Madhya Pradesh,Indore,Community Hall & Cyclone Shelter,25.435964,81.846257,2022-02-16,2022-04-11,,Stalled,5049146.4,4765434.91,616618.5,4148816.41,Eastern Shelter Builders,REG-OD-22104,JKLMN0123Q,2018-10-15,4555995.05,False,,"Work completed as per norms, funds utilized properly as sanctioned. Karya niyamanoosar sampann hua."
MPLAD-UT-2022-1013,Smt. Priya Sharma,Allahabad (UP-53),Uttar Pradesh,Prayagraj,Anganwadi & Nutritious Meal Center,25.435991,81.846202,2022-03-28,2022-04-12,,Ongoing,912116.37,827052.43,258507.79,568544.64,Apex Infra Buildtech Pvt Ltd,REG-UP-98213,AABCA1234F,2015-08-27,799363.89,False,,"Work completed as per norms, funds utilized properly as sanctioned. Karya niyamanoosar sampann hua."
MPLAD-RA-2023-1014,Smt. Meena Devi,Jaipur Rural (RJ-06),Rajasthan,Jaipur,Community Health Center Expansion,25.435636,81.846429,2023-08-27,2023-10-12,2024-06-28,Completed,3349419.73,3046071.43,3063335.82,0.0,Surya Power & Solar Ltd,REG-DL-44321,KLMNO1234R,2022-03-24,2947728.64,True,https://mplad-portal.gov.in/photos/geo_proof_14.jpg,"Work completed as per norms, funds utilized properly as sanctioned. Karya niyamanoosar sampann hua."
MPLAD-KA-2024-1015,Shri Tejasvi Surya,Bengaluru South (KA-26),Karnataka,Bengaluru Urban,School Classroom & Lab Building,25.435694,81.846184,2021-08-12,2021-09-27,2022-01-14,Completed,3640294.83,3429842.7,3279652.87,150189.83,Apex Infra Buildtech Pvt Ltd,REG-UP-98213,AABCA1234F,2015-10-28,3301190.41,True,https://mplad-portal.gov.in/photos/geo_proof_15.jpg,"Work completed as per norms, funds utilized properly as sanctioned. Karya niyamanoosar sampann hua."
MPLAD-JH-2021-1016,Shri Sanjay Seth,Ranchi (JH-08),Jharkhand,Ranchi,Community Hall & Cyclone Shelter,25.435956,81.846466,2021-01-31,2021-02-26,,Ongoing,2154656.43,2026759.05,998266.73,1028492.32,Shree Balaji Constructions,REG-BR-45210,BCDEF2345G,2019-08-10,2013043.0,False,,"Work completed as per norms, funds utilized properly as sanctioned. Karya niyamanoosar sampann hua."
MPLAD-BI-2022-1017,Shri Arvind Singh,Patna Sahib (BR-30),Bihar,Patna,Public Sanitation Complex & Toilets,25.435853,81.846452,2023-07-21,2023-09-10,,Ongoing,5613537.22,5491926.41,3101557.34,2390369.07,Apex Infra Buildtech Pvt Ltd,REG-UP-98213,AABCA1234F,2020-08-08,5350968.27,False,,"Work completed as per norms, funds utilized properly as sanctioned. Karya niyamanoosar sampann hua."
MPLAD-MA-2023-1018,Shri Suresh Patel,Indore (MP-26),Madhya Pradesh,Indore,Deep Borewell & Drinking Water Supply,25.435907,81.846263,2022-10-05,2022-10-27,2023-01-07,Completed,4019952.68,3960746.77,3724948.68,235798.09,Apex Infra Buildtech Pvt Ltd,REG-UP-98213,AABCA1234F,2019-11-09,3952979.53,False,,"Work completed as per norms, funds utilized properly as sanctioned. Karya niyamanoosar sampann hua."
MPLAD-UT-2024-1019,Smt. Priya Sharma,Allahabad (UP-53),Uttar Pradesh,Prayagraj,Model Digital Library & Smart Class,25.435614,81.846447,2021-09-03,2021-11-29,2022-04-01,Completed,778191.64,706752.36,710610.18,0.0,Shree Balaji Constructions,REG-BR-45210,BCDEF2345G,2017-12-05,691388.52,True,https://mplad-portal.gov.in/photos/geo_proof_19.jpg,"Work completed as per norms, funds utilized properly as sanctioned. Karya niyamanoosar sampann hua."
MPLAD-RA-2021-1020,Smt. Meena Devi,Jaipur Rural (RJ-06),Rajasthan,Jaipur,Anganwadi & Nutritious Meal Center,25.435929,81.846476,2022-09-07,2022-11-19,,Sanctioned,7050140.01,6351693.54,986353.31,5365340.23,Pioneer Civil Works,REG-RJ-77412,DEFGH4567J,2020-09-28,6212907.02,False,,"Work completed as per norms, funds utilized properly as sanctioned. Karya niyamanoosar sampann hua."
MPLAD-UT-2022-1021,Smt. Priya Sharma,Allahabad (UP-53),Uttar Pradesh,Prayagraj,Community Hall & Cyclone Shelter,25.435788,81.846265,2022-12-16,2023-01-08,2023-10-20,Completed,2494911.74,2354743.75,2332652.33,22091.42,Pioneer Civil Works,REG-RJ-77412,DEFGH4567J,2016-03-16,2272624.08,True,https://mplad-portal.gov.in/photos/geo_proof_21.jpg,"Work completed as per norms, funds utilized properly as sanctioned. Karya niyamanoosar sampann hua."
MPLAD-UT-2023-1022,Shri Ramesh Kumar,Phoolpur (UP-52),Uttar Pradesh,Prayagraj,Community Hall & Cyclone Shelter,25.435936,81.846387,2021-10-03,2021-11-20,,Sanctioned,5696916.79,5215782.49,367394.86,4848387.63,Sai Krupa Water Solutions,REG-MP-88321,EFGHI5678K,2017-02-02,5009923.29,False,,"Work completed as per norms, funds utilized properly as sanctioned. Karya niyamanoosar sampann hua."
MPLAD-RA-2024-1023,Smt. Meena Devi,Jaipur Rural (RJ-06),Rajasthan,Jaipur,Community Health Center Expansion,25.435951,81.846428,2021-04-15,2021-05-11,2021-12-19,Completed,2436761.57,2193949.41,2238367.01,0.0,Trimurti Civil Developers,REG-WB-33219,IJKLM9012P,2015-07-07,2154141.67,True,https://mplad-portal.gov.in/photos/geo_proof_23.jpg,"Work completed as per norms, funds utilized properly as sanctioned. Karya niyamanoosar sampann hua."
MPLAD-MA-2021-1024,Shri Rajesh Patil,Pune (MH-34),Maharashtra,Pune,Public Sanitation Complex & Toilets,25.43593,81.846379,2021-11-02,2022-01-25,,Ongoing,4577566.97,4187601.2,1469756.76,2717844.44,Trimurti Civil Developers,REG-WB-33219,IJKLM9012P,2020-07-27,4042764.29,False,,"Work completed as per norms, funds utilized properly as sanctioned. Karya niyamanoosar sampann hua."
MPLAD-UT-2022-1025,Shri Ravi Shankar,Varanasi (UP-77),Uttar Pradesh,Varanasi,Anganwadi & Nutritious Meal Center,25.435803,81.846241,2022-12-26,2023-03-22,,Sanctioned,7316859.16,7133555.46,1650996.89,5482558.57,Pioneer Civil Works,REG-RJ-77412,DEFGH4567J,2020-05-05,6861316.63,False,,"Work completed as per norms, funds utilized properly as sanctioned. Karya niyamanoosar sampann hua."
MPLAD-JH-2023-1026,Shri Sanjay Seth,Ranchi (JH-08),Jharkhand,Ranchi,Solar High-Mast Street Lighting,23.268066,85.34745,2022-11-12,2023-01-18,,Ongoing,5645402.77,5220962.9,1898755.28,3322207.62,Green Valley Infrastructure,REG-KA-55432,GHIJK7890M,2017-10-03,5142982.13,False,,"Karya 'Solar High-Mast Street Lighting' at Gram Panchayat Ranchi successfully completed. Total expenditure Rs 1,898,755.28 verified against Sanction Order 2022/MPLAD/26. Site inspection conducted by Junior Engineer PWD on 10-Oct-2023. All quality benchmarks, MB book entries, and muster rolls found satisfactory. Upayogita Praman Patra niyamit hai."
MPLAD-CH-2024-1027,Shri Sunil Soni,Raipur (CG-08),Chhattisgarh,Raipur,Road Construction & Culverts,21.206989,81.680254,2023-08-01,2023-09-29,,Ongoing,6599261.25,6086448.2,3432837.57,2653610.63,Om Shakti Roadways,REG-GJ-99120,HIJKL8901N,2019-08-21,5903387.92,False,,"Karya 'Road Construction & Culverts' at Gram Panchayat Raipur successfully completed. Total expenditure Rs 3,432,837.57 verified against Sanction Order 2023/MPLAD/27. Site inspection conducted by Junior Engineer PWD on 14-Feb-2024. All quality benchmarks, MB book entries, and muster rolls found satisfactory. Upayogita Praman Patra niyamit hai."
MPLAD-CH-2021-1028,Shri Sunil Soni,Raipur (CG-08),Chhattisgarh,Raipur,School Classroom & Lab Building,21.227583,81.631105,2022-11-10,2022-11-28,,Sanctioned,2328506.37,2230846.42,548537.57,1682308.85,Sai Krupa Water Solutions,REG-MP-88321,EFGHI5678K,2017-03-02,2123571.4,False,,"Karya 'School Classroom & Lab Building' at Gram Panchayat Raipur successfully completed. Total expenditure Rs 548,537.57 verified against Sanction Order 2022/MPLAD/28. Site inspection conducted by Junior Engineer PWD on 25-Feb-2023. All quality benchmarks, MB book entries, and muster rolls found satisfactory. Upayogita Praman Patra niyamit hai."
MPLAD-OD-2022-1029,Shri Pinaki Mishra,Puri (OD-17),Odisha,Puri,Anganwadi & Nutritious Meal Center,19.830493,85.833028,2023-02-28,2023-05-27,2023-09-12,Completed,5461496.99,4916270.98,5114518.48,0.0,Green Valley Infrastructure,REG-KA-55432,GHIJK7890M,2020-02-17,4802816.23,True,https://mplad-portal.gov.in/photos/geo_proof_29.jpg,"Karya 'Anganwadi & Nutritious Meal Center' at Gram Panchayat Puri successfully completed. Total expenditure Rs 5,114,518.48 verified against Sanction Order 2023/MPLAD/29. Site inspection conducted by Junior Engineer PWD on 12-Sep-2023. All quality benchmarks, MB book entries, and muster rolls found satisfactory. Upayogita Praman Patra niyamit hai."
MPLAD-OD-2023-1030,Shri Pinaki Mishra,Puri (OD-17),Odisha,Puri,Public Sanitation Complex & Toilets,19.88532,85.898523,2022-10-05,2022-11-04,,Sanctioned,4049857.53,3914953.9,319247.76,3595706.14,Shree Balaji Constructions,REG-BR-45210,BCDEF2345G,2020-07-06,3855683.15,False,,"Karya 'Public Sanitation Complex & Toilets' at Gram Panchayat Puri successfully completed. Total expenditure Rs 319,247.76 verified against Sanction Order 2022/MPLAD/30. Site inspection conducted by Junior Engineer PWD on 06-Jul-2023. All quality benchmarks, MB book entries, and muster rolls found satisfactory. Upayogita Praman Patra niyamit hai."
MPLAD-RA-2024-1031,Smt. Meena Devi,Jaipur Rural (RJ-06),Rajasthan,Jaipur,Public Sanitation Complex & Toilets,26.982858,75.815671,2021-12-23,2022-03-20,2022-08-04,Completed,6336076.19,5895006.05,5584479.23,310526.82,Surya Power & Solar Ltd,REG-DL-44321,KLMNO1234R,2017-07-18,5831858.4,True,https://mplad-portal.gov.in/photos/geo_proof_31.jpg,"Karya 'Public Sanitation Complex & Toilets' at Gram Panchayat Jaipur successfully completed. Total expenditure Rs 5,584,479.23 verified against Sanction Order 2021/MPLAD/31. Site inspection conducted by Junior Engineer PWD on 04-Aug-2022. All quality benchmarks, MB book entries, and muster rolls found satisfactory. Upayogita Praman Patra niyamit hai."
MPLAD-WE-2021-1032,Smt. Ananya Sen,Diamond Harbour (WB-21),West Bengal,South 24 Parganas,Drainage Canal Paving,22.2231,88.191788,2021-12-14,2022-01-08,2022-05-20,Completed,4930585.99,4602794.84,4724285.84,0.0,Om Shakti Roadways,REG-GJ-99120,HIJKL8901N,2018-08-12,4545521.84,True,https://mplad-portal.gov.in/photos/geo_proof_32.jpg,"Karya 'Drainage Canal Paving' at Gram Panchayat South 24 Parganas successfully completed. Total expenditure Rs 4,724,285.84 verified against Sanction Order 2021/MPLAD/32. Site inspection conducted by Junior Engineer PWD on 20-May-2022. All quality benchmarks, MB book entries, and muster rolls found satisfactory. Upayogita Praman Patra niyamit hai."
MPLAD-JH-2022-1033,Shri Sanjay Seth,Ranchi (JH-08),Jharkhand,Ranchi,Deep Borewell & Drinking Water Supply,23.268008,85.268775,2023-09-01,2023-09-25,2024-03-19,Completed,4908357.67,4512957.67,4560461.3,0.0,National Highway Contractors,REG-MH-11209,CDEFG3456H,2022-10-14,4398864.95,True,https://mplad-portal.gov.in/photos/geo_proof_33.jpg,"Karya 'Deep Borewell & Drinking Water Supply' at Gram Panchayat Ranchi successfully completed. Total expenditure Rs 4,560,461.30 verified against Sanction Order 2023/MPLAD/33. Site inspection conducted by Junior Engineer PWD on 19-Mar-2024. All quality benchmarks, MB book entries, and muster rolls found satisfactory. Upayogita Praman Patra niyamit hai."
MPLAD-UT-2023-1034,Shri Ravi Shankar,Varanasi (UP-77),Uttar Pradesh,Varanasi,School Classroom & Lab Building,25.272615,83.022558,2023-11-27,2024-02-09,2024-04-21,Completed,6922290.1,6314069.03,5918392.11,395676.92,Green Valley Infrastructure,REG-KA-55432,GHIJK7890M,2019-07-12,6145055.05,True,https://mplad-portal.gov.in/photos/geo_proof_34.jpg,"Karya 'School Classroom & Lab Building' at Gram Panchayat Varanasi successfully completed. Total expenditure Rs 5,918,392.11 verified against Sanction Order 2023/MPLAD/34. Site inspection conducted by Junior Engineer PWD on 21-Apr-2024. All quality benchmarks, MB book entries, and muster rolls found satisfactory. Upayogita Praman Patra niyamit hai."
MPLAD-JH-2024-1035,Shri Sanjay Seth,Ranchi (JH-08),Jharkhand,Ranchi,Drainage Canal Paving,23.394501,85.372323,2023-05-24,2023-08-17,,Sanctioned,5705588.1,5405858.97,350288.24,5055570.73,Eastern Shelter Builders,REG-OD-22104,JKLMN0123Q,2019-06-19,5202393.18,False,,"Karya 'Drainage Canal Paving' at Gram Panchayat Ranchi successfully completed. Total expenditure Rs 350,288.24 verified against Sanction Order 2023/MPLAD/35. Site inspection conducted by Junior Engineer PWD on 07-Feb-2024. All quality benchmarks, MB book entries, and muster rolls found satisfactory. Upayogita Praman Patra niyamit hai."
MPLAD-JH-2021-1036,Shri Sanjay Seth,Ranchi (JH-08),Jharkhand,Ranchi,Community Hall & Cyclone Shelter,23.36438,85.273536,2021-06-08,2021-07-29,2021-11-26,Completed,2737966.98,2612062.18,2450084.62,161977.56,Om Shakti Roadways,REG-GJ-99120,HIJKL8901N,2018-03-20,2511662.54,True,https://mplad-portal.gov.in/photos/geo_proof_36.jpg,"Karya 'Community Hall & Cyclone Shelter' at Gram Panchayat Ranchi successfully completed. Total expenditure Rs 2,450,084.62 verified against Sanction Order 2021/MPLAD/36. Site inspection conducted by Junior Engineer PWD on 26-Nov-2021. All quality benchmarks, MB book entries, and muster rolls found satisfactory. Upayogita Praman Patra niyamit hai."
MPLAD-UT-2022-1037,Smt. Priya Sharma,Allahabad (UP-53),Uttar Pradesh,Prayagraj,Public Sanitation Complex & Toilets,25.408741,81.840848,2021-05-08,2021-06-18,2022-03-18,Completed,6833869.35,6549634.66,6617868.68,0.0,Green Valley Infrastructure,REG-KA-55432,GHIJK7890M,2016-04-06,6502717.02,True,https://mplad-portal.gov.in/photos/geo_proof_37.jpg,"Karya 'Public Sanitation Complex & Toilets' at Gram Panchayat Prayagraj successfully completed. Total expenditure Rs 6,617,868.68 verified against Sanction Order 2021/MPLAD/37. Site inspection conducted by Junior Engineer PWD on 18-Mar-2022. All quality benchmarks, MB book entries, and muster rolls found satisfactory. Upayogita Praman Patra niyamit hai."
MPLAD-WE-2023-1038,Smt. Ananya Sen,Diamond Harbour (WB-21),West Bengal,South 24 Parganas,Road Construction & Culverts,22.162778,88.172398,2023-05-09,2023-07-31,,Ongoing,6099077.2,6036751.55,2989953.49,3046798.06,Bharat Engineering Associates,REG-TN-66543,FGHIJ6789L,2017-01-31,5817296.11,False,,"Karya 'Road Construction & Culverts' at Gram Panchayat South 24 Parganas successfully completed. Total expenditure Rs 2,989,953.49 verified against Sanction Order 2023/MPLAD/38. Site inspection conducted by Junior Engineer PWD on 07-Apr-2024. All quality benchmarks, MB book entries, and muster rolls found satisfactory. Upayogita Praman Patra niyamit hai."
MPLAD-UT-2024-1039,Shri Ramesh Kumar,Phoolpur (UP-52),Uttar Pradesh,Prayagraj,Public Sanitation Complex & Toilets,25.46282,81.894003,2021-12-05,2022-02-17,2022-12-09,Completed,4855798.73,4383313.22,4257173.01,126140.21,Bharat Engineering Associates,REG-TN-66543,FGHIJ6789L,2016-04-20,4287842.9,False,,"Karya 'Public Sanitation Complex & Toilets' at Gram Panchayat Prayagraj successfully completed. Total expenditure Rs 4,257,173.01 verified against Sanction Order 2021/MPLAD/39. Site inspection conducted by Junior Engineer PWD on 09-Dec-2022. All quality benchmarks, MB book entries, and muster rolls found satisfactory. Upayogita Praman Patra niyamit hai."
MPLAD-BI-2021-1040,Shri Arvind Singh,Patna Sahib (BR-30),Bihar,Patna,Drainage Canal Paving,25.522146,85.118257,2022-03-10,2022-05-22,2022-10-12,Completed,6657479.9,6176980.69,6446646.27,0.0,National Highway Contractors,REG-MH-11209,CDEFG3456H,2016-02-04,5998331.55,True,https://mplad-portal.gov.in/photos/geo_proof_40.jpg,"Karya 'Drainage Canal Paving' at Gram Panchayat Patna successfully completed. Total expenditure Rs 6,446,646.27 verified against Sanction Order 2022/MPLAD/40. Site inspection conducted by Junior Engineer PWD on 12-Oct-2022. All quality benchmarks, MB book entries, and muster rolls found satisfactory. Upayogita Praman Patra niyamit hai."
MPLAD-UT-2022-1041,Shri Ramakant Yadav,Azamgarh (UP-69),Uttar Pradesh,Prayagraj,Community Hall & Cyclone Shelter,25.515785,81.822294,2021-05-21,2021-06-10,2022-02-18,Completed,2230983.13,2195115.36,2196813.58,0.0,Apex Infra Buildtech Pvt Ltd,REG-UP-98213,AABCA1234F,2019-04-14,2111541.28,True,https://mplad-portal.gov.in/photos/geo_proof_41.jpg,"Work completed as per norms, funds utilized properly as sanctioned. Rashi ka upayog uchit paya gaya."
MPLAD-TA-2023-1042,Shri Ramakant Yadav,Azamgarh (UP-69),Tamil Nadu,Salem,Deep Borewell & Drinking Water Supply,11.696214,78.188704,2021-12-10,2022-01-08,,Ongoing,7253045.41,6606145.38,2049697.78,4556447.6,Apex Infra Buildtech Pvt Ltd,REG-UP-98213,AABCA1234F,2016-11-29,6378879.86,False,,"Work completed as per norms, funds utilized properly as sanctioned. Rashi ka upayog uchit paya gaya."
MPLAD-UT-2024-1043,Shri Ramakant Yadav,Azamgarh (UP-69),Uttar Pradesh,Gorakhpur,Deep Borewell & Drinking Water Supply,26.775336,83.426091,2022-05-13,2022-06-10,,Ongoing,6452052.67,6194236.14,2158208.31,4036027.83,Apex Infra Buildtech Pvt Ltd,REG-UP-98213,AABCA1234F,2021-01-30,6189232.54,False,,"Work completed as per norms, funds utilized properly as sanctioned. Rashi ka upayog uchit paya gaya."
MPLAD-OD-2021-1044,Shri Ramakant Yadav,Azamgarh (UP-69),Odisha,Puri,Community Hall & Cyclone Shelter,19.839343,85.762233,2022-11-30,2022-12-16,2023-09-19,Completed,3931411.93,3708706.64,3586632.5,122074.14,Apex Infra Buildtech Pvt Ltd,REG-UP-98213,AABCA1234F,2020-05-18,3688600.82,True,https://mplad-portal.gov.in/photos/geo_proof_44.jpg,"Work completed as per norms, funds utilized properly as sanctioned. Rashi ka upayog uchit paya gaya."
MPLAD-UT-2022-1045,Shri Ramakant Yadav,Azamgarh (UP-69),Uttar Pradesh,Gorakhpur,Solar High-Mast Street Lighting,26.764079,83.397273,2023-09-18,2023-12-01,,Ongoing,4647322.33,4332375.43,1725143.52,2607231.91,Apex Infra Buildtech Pvt Ltd,REG-UP-98213,AABCA1234F,2019-10-07,4318213.3,False,,"Work completed as per norms, funds utilized properly as sanctioned. Rashi ka upayog uchit paya gaya."
MPLAD-UT-2023-1046,Shri Ramakant Yadav,Azamgarh (UP-69),Uttar Pradesh,Varanasi,Drainage Canal Paving,25.357676,82.985076,2023-02-16,2023-04-15,2023-06-21,Completed,2775099.18,2632889.2,2543705.99,89183.21,Apex Infra Buildtech Pvt Ltd,REG-UP-98213,AABCA1234F,2019-03-18,2535255.4,True,https://mplad-portal.gov.in/photos/geo_proof_46.jpg,"Work completed as per norms, funds utilized properly as sanctioned. Rashi ka upayog uchit paya gaya."
MPLAD-MA-2024-1047,Shri Ramakant Yadav,Azamgarh (UP-69),Maharashtra,Pune,Road Construction & Culverts,18.59209,73.790398,2023-04-13,2023-06-29,,Ongoing,5334265.38,5145380.59,2553799.21,2591581.38,Apex Infra Buildtech Pvt Ltd,REG-UP-98213,AABCA1234F,2021-06-01,5092108.63,False,,"Work completed as per norms, funds utilized properly as sanctioned. Rashi ka upayog uchit paya gaya."
MPLAD-MA-2021-1048,Shri Ramakant Yadav,Azamgarh (UP-69),Madhya Pradesh,Indore,Deep Borewell & Drinking Water Supply,22.750286,75.826693,2023-01-26,2023-04-11,2023-10-29,Completed,3478526.69,3390149.65,3264723.84,125425.81,Apex Infra Buildtech Pvt Ltd,REG-UP-98213,AABCA1234F,2019-06-07,3339781.34,True,https://mplad-portal.gov.in/photos/geo_proof_48.jpg,"Work completed as per norms, funds utilized properly as sanctioned. Rashi ka upayog uchit paya gaya."
MPLAD-RA-2022-1049,Shri Ramakant Yadav,Azamgarh (UP-69),Rajasthan,Jaipur,School Classroom & Lab Building,26.863213,75.726429,2022-01-15,2022-02-23,,Ongoing,2435497.39,2335541.39,1410861.22,924680.17,Apex Infra Buildtech Pvt Ltd,REG-UP-98213,AABCA1234F,2020-02-04,2288455.79,False,,"Work completed as per norms, funds utilized properly as sanctioned. Rashi ka upayog uchit paya gaya."
MPLAD-CH-2023-1050,Shri Ramakant Yadav,Azamgarh (UP-69),Chhattisgarh,Raipur,Deep Borewell & Drinking Water Supply,21.207797,81.578311,2021-01-29,2021-04-22,2021-07-23,Completed,7320064.52,6993120.4,7067696.86,0.0,Apex Infra Buildtech Pvt Ltd,REG-UP-98213,AABCA1234F,2014-10-03,6687618.76,True,https://mplad-portal.gov.in/photos/geo_proof_50.jpg,"Work completed as per norms, funds utilized properly as sanctioned. Rashi ka upayog uchit paya gaya."
MPLAD-UT-2024-1051,Shri Ramakant Yadav,Azamgarh (UP-69),Uttar Pradesh,Prayagraj,Road Construction & Culverts,25.401294,81.842894,2022-11-29,2023-01-06,2023-03-20,Completed,6532060.75,5953377.09,5527678.76,425698.33,Apex Infra Buildtech Pvt Ltd,REG-UP-98213,AABCA1234F,2021-06-28,5802085.87,True,https://mplad-portal.gov.in/photos/geo_proof_51.jpg,"Work completed as per norms, funds utilized properly as sanctioned. Rashi ka upayog uchit paya gaya."
MPLAD-BI-2021-1052,Shri Ramakant Yadav,Azamgarh (UP-69),Bihar,Patna,Solar High-Mast Street Lighting,25.66596,85.071229,2022-05-24,2022-06-23,,Ongoing,4744223.56,4644946.33,1812805.75,2832140.58,Apex Infra Buildtech Pvt Ltd,REG-UP-98213,AABCA1234F,2016-07-09,4534065.08,False,,"Work completed as per norms, funds utilized properly as sanctioned. Rashi ka upayog uchit paya gaya."
MPLAD-UT-2022-1053,Shri Ramakant Yadav,Azamgarh (UP-69),Uttar Pradesh,Varanasi,Drainage Canal Paving,25.375227,83.052305,2022-09-18,2022-12-14,2023-07-20,Completed,7220761.44,6570339.49,6696199.75,0.0,Apex Infra Buildtech Pvt Ltd,REG-UP-98213,AABCA1234F,2020-12-25,6447314.82,True,https://mplad-portal.gov.in/photos/geo_proof_53.jpg,"Work completed as per norms, funds utilized properly as sanctioned. Rashi ka upayog uchit paya gaya."
MPLAD-BI-2023-1054,Shri Ramakant Yadav,Azamgarh (UP-69),Bihar,Patna,Deep Borewell & Drinking Water Supply,25.602419,85.082645,2023-04-17,2023-06-28,2024-02-19,Completed,2538815.02,2343701.05,2371601.07,0.0,Apex Infra Buildtech Pvt Ltd,REG-UP-98213,AABCA1234F,2019-11-08,2308895.63,True,https://mplad-portal.gov.in/photos/geo_proof_54.jpg,"Work completed as per norms, funds utilized properly as sanctioned. Rashi ka upayog uchit paya gaya."
MPLAD-UT-2024-1055,Shri Ramakant Yadav,Azamgarh (UP-69),Uttar Pradesh,Varanasi,Community Health Center Expansion,25.331966,83.022525,2022-02-10,2022-04-20,2022-07-18,Completed,5033443.06,4987342.48,5124305.13,0.0,Apex Infra Buildtech Pvt Ltd,REG-UP-98213,AABCA1234F,2017-11-04,4755782.62,True,https://mplad-portal.gov.in/photos/geo_proof_55.jpg,"Work completed as per norms, funds utilized properly as sanctioned. Rashi ka upayog uchit paya gaya."
MPLAD-TA-2021-1056,Shri Ramakant Yadav,Azamgarh (UP-69),Tamil Nadu,Salem,Model Digital Library & Smart Class,11.654565,78.140992,2022-09-15,2022-11-20,2023-03-29,Completed,3956566.54,3592737.24,3323935.47,268801.77,Apex Infra Buildtech Pvt Ltd,REG-UP-98213,AABCA1234F,2019-01-29,3490708.65,True,https://mplad-portal.gov.in/photos/geo_proof_56.jpg,"Work completed as per norms, funds utilized properly as sanctioned. Rashi ka upayog uchit paya gaya."
MPLAD-UT-2022-1057,Shri Ramakant Yadav,Azamgarh (UP-69),Uttar Pradesh,Prayagraj,School Classroom & Lab Building,25.509706,81.900053,2021-02-12,2021-04-02,2021-10-26,Completed,5793881.81,5487096.25,5512864.94,0.0,Apex Infra Buildtech Pvt Ltd,REG-UP-98213,AABCA1234F,2015-05-30,5464070.42,True,https://mplad-portal.gov.in/photos/geo_proof_57.jpg,"Work completed as per norms, funds utilized properly as sanctioned. Rashi ka upayog uchit paya gaya."
MPLAD-KA-2023-1058,Shri Ramakant Yadav,Azamgarh (UP-69),Karnataka,Bengaluru Urban,Drainage Canal Paving,12.966802,77.579936,2022-10-20,2022-11-17,2023-08-23,Completed,3381515.63,3210907.69,3230609.37,0.0,Apex Infra Buildtech Pvt Ltd,REG-UP-98213,AABCA1234F,2021-07-27,3114653.07,True,https://mplad-portal.gov.in/photos/geo_proof_58.jpg,"Work completed as per norms, funds utilized properly as sanctioned. Rashi ka upayog uchit paya gaya."
MPLAD-WE-2024-1059,Shri Ramakant Yadav,Azamgarh (UP-69),West Bengal,South 24 Parganas,School Classroom & Lab Building,22.155384,88.128547,2023-04-08,2023-06-27,,Stalled,5103622.71,4870179.74,503147.49,4367032.25,Apex Infra Buildtech Pvt Ltd,REG-UP-98213,AABCA1234F,2018-05-23,4672348.79,False,,"Work completed as per norms, funds utilized properly as sanctioned. Rashi ka upayog uchit paya gaya."
MPLAD-TA-2021-1060,Shri Ramakant Yadav,Azamgarh (UP-69),Tamil Nadu,Salem,Drainage Canal Paving,11.655027,78.074258,2022-07-01,2022-09-24,,Sanctioned,3566812.67,3459184.11,105008.79,3354175.32,Apex Infra Buildtech Pvt Ltd,REG-UP-98213,AABCA1234F,2018-12-29,3454539.6,False,,"Work completed as per norms, funds utilized properly as sanctioned. Rashi ka upayog uchit paya gaya."
MPLAD-GU-2022-1061,Smt. Darshana Jardosh,Surat (GJ-24),Gujarat,Surat,Solar High-Mast Street Lighting,21.178334,72.83946,2021-07-10,2021-08-22,,Sanctioned,3730135.26,3400938.2,707516.88,2693421.32,Sai Krupa Water Solutions,REG-MP-88321,EFGHI5678K,2017-06-06,3315638.5,False,,"Karya 'Solar High-Mast Street Lighting' at Gram Panchayat Surat successfully completed. Total expenditure Rs 707,516.88 verified against Sanction Order 2021/MPLAD/61. Site inspection conducted by Junior Engineer PWD on 24-May-2022. All quality benchmarks, MB book entries, and muster rolls found satisfactory. Upayogita Praman Patra niyamit hai."
MPLAD-MA-2023-1062,Shri Rajesh Patil,Pune (MH-34),Maharashtra,Pune,Community Health Center Expansion,18.573956,73.933539,2022-05-15,2022-07-27,2023-02-13,Completed,1834272.6,1760787.53,1790752.67,0.0,Green Valley Infrastructure,REG-KA-55432,GHIJK7890M,2016-11-23,1684766.26,False,,"Karya 'Community Health Center Expansion' at Gram Panchayat Pune successfully completed. Total expenditure Rs 1,790,752.67 verified against Sanction Order 2022/MPLAD/62. Site inspection conducted by Junior Engineer PWD on 13-Feb-2023. All quality benchmarks, MB book entries, and muster rolls found satisfactory. Upayogita Praman Patra niyamit hai."
MPLAD-OD-2024-1063,Shri Pinaki Mishra,Puri (OD-17),Odisha,Puri,Community Hall & Cyclone Shelter,19.864788,85.796454,2022-09-04,2022-12-03,,Stalled,3927482.43,3593094.78,483792.77,3109302.01,Sai Krupa Water Solutions,REG-MP-88321,EFGHI5678K,2017-08-16,3475443.19,False,,"Karya 'Community Hall & Cyclone Shelter' at Gram Panchayat Puri successfully completed. Total expenditure Rs 483,792.77 verified against Sanction Order 2022/MPLAD/63. Site inspection conducted by Junior Engineer PWD on 29-Jun-2023. All quality benchmarks, MB book entries, and muster rolls found satisfactory. Upayogita Praman Patra niyamit hai."
MPLAD-WE-2021-1064,Smt. Ananya Sen,Diamond Harbour (WB-21),West Bengal,South 24 Parganas,Anganwadi & Nutritious Meal Center,22.271924,88.148209,2023-02-24,2023-04-09,,Ongoing,805531.09,784966.3,456921.94,328044.36,Pioneer Civil Works,REG-RJ-77412,DEFGH4567J,2017-12-31,777564.42,False,,"Karya 'Anganwadi & Nutritious Meal Center' at Gram Panchayat South 24 Parganas successfully completed. Total expenditure Rs 456,921.94 verified against Sanction Order 2023/MPLAD/64. Site inspection conducted by Junior Engineer PWD on 13-Jan-2024. All quality benchmarks, MB book entries, and muster rolls found satisfactory. Upayogita Praman Patra niyamit hai."
MPLAD-KA-2022-1065,Shri Tejasvi Surya,Bengaluru South (KA-26),Karnataka,Bengaluru Urban,Solar High-Mast Street Lighting,13.045972,77.534799,2022-11-11,2022-12-08,,Ongoing,1197981.88,1187252.96,363464.48,823788.48,Om Shakti Roadways,REG-GJ-99120,HIJKL8901N,2020-04-23,1136447.76,False,,"Karya 'Solar High-Mast Street Lighting' at Gram Panchayat Bengaluru Urban successfully completed. Total expenditure Rs 363,464.48 verified against Sanction Order 2022/MPLAD/65. Site inspection conducted by Junior Engineer PWD on 17-Sep-2023. All quality benchmarks, MB book entries, and muster rolls found satisfactory. Upayogita Praman Patra niyamit hai."
MPLAD-UT-2023-1066,Smt. Priya Sharma,Allahabad (UP-53),Uttar Pradesh,Prayagraj,Drainage Canal Paving,25.40997,81.877133,2021-06-14,2021-08-10,,Ongoing,4235356.19,4215932.67,2321797.06,1894135.61,Sai Krupa Water Solutions,REG-MP-88321,EFGHI5678K,2015-02-28,4192205.12,False,,"Karya 'Drainage Canal Paving' at Gram Panchayat Prayagraj successfully completed. Total expenditure Rs 2,321,797.06 verified against Sanction Order 2021/MPLAD/66. Site inspection conducted by Junior Engineer PWD on 15-May-2022. All quality benchmarks, MB book entries, and muster rolls found satisfactory. Upayogita Praman Patra niyamit hai."
MPLAD-CH-2024-1067,Shri Sunil Soni,Raipur (CG-08),Chhattisgarh,Raipur,Community Hall & Cyclone Shelter,21.270194,81.587163,2022-08-12,2022-09-25,2023-06-03,Completed,7348364.1,7172275.03,7254797.85,0.0,Apex Infra Buildtech Pvt Ltd,REG-UP-98213,AABCA1234F,2018-06-08,6849704.56,True,https://mplad-portal.gov.in/photos/geo_proof_67.jpg,"Karya 'Community Hall & Cyclone Shelter' at Gram Panchayat Raipur successfully completed. Total expenditure Rs 7,254,797.85 verified against Sanction Order 2022/MPLAD/67. Site inspection conducted by Junior Engineer PWD on 03-Jun-2023. All quality benchmarks, MB book entries, and muster rolls found satisfactory. Upayogita Praman Patra niyamit hai."
MPLAD-UT-2021-1068,Shri Ravi Shankar,Varanasi (UP-77),Uttar Pradesh,Varanasi,Road Construction & Culverts,25.2895,82.902879,2023-01-05,2023-03-08,2023-08-25,Completed,4218164.23,4035065.56,4127983.16,0.0,Apex Infra Buildtech Pvt Ltd,REG-UP-98213,AABCA1234F,2017-11-26,3867607.04,False,,"Karya 'Road Construction & Culverts' at Gram Panchayat Varanasi successfully completed. Total expenditure Rs 4,127,983.16 verified against Sanction Order 2023/MPLAD/68. Site inspection conducted by Junior Engineer PWD on 25-Aug-2023. All quality benchmarks, MB book entries, and muster rolls found satisfactory. Upayogita Praman Patra niyamit hai."
MPLAD-TA-2022-1069,Shri D. Kathir Anand,Vellore (TN-08),Tamil Nadu,Salem,Deep Borewell & Drinking Water Supply,11.730353,78.088899,2023-08-03,2023-09-19,2024-03-14,Completed,565782.02,554728.51,575340.68,0.0,Om Shakti Roadways,REG-GJ-99120,HIJKL8901N,2017-10-24,545786.59,True,https://mplad-portal.gov.in/photos/geo_proof_69.jpg,"Karya 'Deep Borewell & Drinking Water Supply' at Gram Panchayat Salem successfully completed. Total expenditure Rs 575,340.68 verified against Sanction Order 2023/MPLAD/69. Site inspection conducted by Junior Engineer PWD on 14-Mar-2024. All quality benchmarks, MB book entries, and muster rolls found satisfactory. Upayogita Praman Patra niyamit hai."
MPLAD-OD-2023-1070,Shri Pinaki Mishra,Puri (OD-17),Odisha,Puri,Model Digital Library & Smart Class,19.83573,85.819089,2022-05-28,2022-08-09,2023-05-12,Completed,7495614.96,7385680.87,6897228.31,488452.56,Sai Krupa Water Solutions,REG-MP-88321,EFGHI5678K,2018-04-08,7157228.58,True,https://mplad-portal.gov.in/photos/geo_proof_70.jpg,"Karya 'Model Digital Library & Smart Class' at Gram Panchayat Puri successfully completed. Total expenditure Rs 6,897,228.31 verified against Sanction Order 2022/MPLAD/70. Site inspection conducted by Junior Engineer PWD on 12-May-2023. All quality benchmarks, MB book entries, and muster rolls found satisfactory. Upayogita Praman Patra niyamit hai."
MPLAD-GU-2024-1071,Smt. Darshana Jardosh,Surat (GJ-24),Gujarat,Surat,Community Health Center Expansion,21.246671,72.856417,2022-07-17,2022-08-02,,Sanctioned,5948181.31,5932479.79,1350554.17,4581925.62,Apex Infra Buildtech Pvt Ltd,REG-UP-98213,AABCA1234F,2018-07-06,5856891.74,False,,"Karya 'Community Health Center Expansion' at Gram Panchayat Surat successfully completed. Total expenditure Rs 1,350,554.17 verified against Sanction Order 2022/MPLAD/71. Site inspection conducted by Junior Engineer PWD on 22-Feb-2023. All quality benchmarks, MB book entries, and muster rolls found satisfactory. Upayogita Praman Patra niyamit hai."
MPLAD-JH-2021-1072,Shri Sanjay Seth,Ranchi (JH-08),Jharkhand,Ranchi,Deep Borewell & Drinking Water Supply,23.392409,85.264641,2022-01-25,2022-03-13,,Ongoing,5872295.42,5684884.1,2016494.88,3668389.22,Eastern Shelter Builders,REG-OD-22104,JKLMN0123Q,2020-10-21,5428258.18,False,,"Karya 'Deep Borewell & Drinking Water Supply' at Gram Panchayat Ranchi successfully completed. Total expenditure Rs 2,016,494.88 verified against Sanction Order 2022/MPLAD/72. Site inspection conducted by Junior Engineer PWD on 01-Nov-2022. All quality benchmarks, MB book entries, and muster rolls found satisfactory. Upayogita Praman Patra niyamit hai."
MPLAD-MA-2022-1073,Shri Suresh Patel,Indore (MP-26),Madhya Pradesh,Indore,Drainage Canal Paving,22.732332,75.894878,2021-07-04,2021-08-25,,Ongoing,1729480.49,1579389.22,814590.69,764798.53,Apex Infra Buildtech Pvt Ltd,REG-UP-98213,AABCA1234F,2014-09-25,1577137.77,False,,"Karya 'Drainage Canal Paving' at Gram Panchayat Indore successfully completed. Total expenditure Rs 814,590.69 verified against Sanction Order 2021/MPLAD/73. Site inspection conducted by Junior Engineer PWD on 15-Jan-2022. All quality benchmarks, MB book entries, and muster rolls found satisfactory. Upayogita Praman Patra niyamit hai."
MPLAD-MA-2023-1074,Shri Rajesh Patil,Pune (MH-34),Maharashtra,Pune,Community Health Center Expansion,18.481515,73.90865,2023-09-14,2023-11-05,,Sanctioned,6129627.77,5803734.7,109254.38,5694480.32,National Highway Contractors,REG-MH-11209,CDEFG3456H,2020-05-08,5732392.72,False,,"Karya 'Community Health Center Expansion' at Gram Panchayat Pune successfully completed. Total expenditure Rs 109,254.38 verified against Sanction Order 2023/MPLAD/74. Site inspection conducted by Junior Engineer PWD on 13-Jul-2024. All quality benchmarks, MB book entries, and muster rolls found satisfactory. Upayogita Praman Patra niyamit hai."
MPLAD-CH-2024-1075,Shri Sunil Soni,Raipur (CG-08),Chhattisgarh,Raipur,Public Sanitation Complex & Toilets,21.229924,81.676109,2021-01-29,2021-03-18,2021-10-01,Completed,3080099.61,3002792.68,2864907.39,137885.29,Trimurti Civil Developers,REG-WB-33219,IJKLM9012P,2016-02-04,2909860.08,True,https://mplad-portal.gov.in/photos/geo_proof_75.jpg,"Karya 'Public Sanitation Complex & Toilets' at Gram Panchayat Raipur successfully completed. Total expenditure Rs 2,864,907.39 verified against Sanction Order 2021/MPLAD/75. Site inspection conducted by Junior Engineer PWD on 01-Oct-2021. All quality benchmarks, MB book entries, and muster rolls found satisfactory. Upayogita Praman Patra niyamit hai."
MPLAD-UT-2021-1076,Smt. Priya Sharma,Allahabad (UP-53),Uttar Pradesh,Prayagraj,Deep Borewell & Drinking Water Supply,25.359804,81.907778,2022-11-03,2022-12-16,2023-07-29,Completed,6266987.46,6210200.81,5957350.76,252850.05,Om Shakti Roadways,REG-GJ-99120,HIJKL8901N,2021-08-08,6026470.73,True,https://mplad-portal.gov.in/photos/geo_proof_76.jpg,"Karya 'Deep Borewell & Drinking Water Supply' at Gram Panchayat Prayagraj successfully completed. Total expenditure Rs 5,957,350.76 verified against Sanction Order 2022/MPLAD/76. Site inspection conducted by Junior Engineer PWD on 29-Jul-2023. All quality benchmarks, MB book entries, and muster rolls found satisfactory. Upayogita Praman Patra niyamit hai."
MPLAD-MA-2022-1077,Shri Suresh Patel,Indore (MP-26),Madhya Pradesh,Indore,Drainage Canal Paving,22.655151,75.919661,2021-10-05,2021-12-08,2022-06-02,Completed,7145665.38,6928783.0,6861054.32,67728.68,Shree Balaji Constructions,REG-BR-45210,BCDEF2345G,2016-04-15,6785821.54,True,https://mplad-portal.gov.in/photos/geo_proof_77.jpg,"Karya 'Drainage Canal Paving' at Gram Panchayat Indore successfully completed. Total expenditure Rs 6,861,054.32 verified against Sanction Order 2021/MPLAD/77. Site inspection conducted by Junior Engineer PWD on 02-Jun-2022. All quality benchmarks, MB book entries, and muster rolls found satisfactory. Upayogita Praman Patra niyamit hai."
MPLAD-KA-2023-1078,Shri Tejasvi Surya,Bengaluru South (KA-26),Karnataka,Bengaluru Urban,School Classroom & Lab Building,12.990104,77.664848,2022-07-27,2022-08-15,2023-04-08,Completed,3603681.6,3585863.26,3697772.76,0.0,Om Shakti Roadways,REG-GJ-99120,HIJKL8901N,2017-09-22,3424383.7,True,https://mplad-portal.gov.in/photos/geo_proof_78.jpg,"Karya 'School Classroom & Lab Building' at Gram Panchayat Bengaluru Urban successfully completed. Total expenditure Rs 3,697,772.76 verified against Sanction Order 2022/MPLAD/78. Site inspection conducted by Junior Engineer PWD on 08-Apr-2023. All quality benchmarks, MB book entries, and muster rolls found satisfactory. Upayogita Praman Patra niyamit hai."
MPLAD-UT-2024-1079,Shri Ramesh Kumar,Phoolpur (UP-52),Uttar Pradesh,Prayagraj,Public Sanitation Complex & Toilets,25.386169,81.785846,2023-07-21,2023-08-16,2024-04-01,Completed,4976450.43,4962065.16,4597726.55,364338.61,Sai Krupa Water Solutions,REG-MP-88321,EFGHI5678K,2020-06-06,4796706.61,True,https://mplad-portal.gov.in/photos/geo_proof_79.jpg,"Karya 'Public Sanitation Complex & Toilets' at Gram Panchayat Prayagraj successfully completed. Total expenditure Rs 4,597,726.55 verified against Sanction Order 2023/MPLAD/79. Site inspection conducted by Junior Engineer PWD on 01-Apr-2024. All quality benchmarks, MB book entries, and muster rolls found satisfactory. Upayogita Praman Patra niyamit hai."
MPLAD-UT-2021-1080,Smt. Priya Sharma,Allahabad (UP-53),Uttar Pradesh,Prayagraj,Community Hall & Cyclone Shelter,25.449621,81.896388,2022-04-23,2022-06-19,2023-03-04,Completed,6803717.25,6125274.75,6318789.31,0.0,Pioneer Civil Works,REG-RJ-77412,DEFGH4567J,2018-09-05,5863323.69,True,https://mplad-portal.gov.in/photos/geo_proof_80.jpg,"Karya 'Community Hall & Cyclone Shelter' at Gram Panchayat Prayagraj successfully completed. Total expenditure Rs 6,318,789.31 verified against Sanction Order 2022/MPLAD/80. Site inspection conducted by Junior Engineer PWD on 04-Mar-2023. All quality benchmarks, MB book entries, and muster rolls found satisfactory. Upayogita Praman Patra niyamit hai."
MPLAD-JH-2022-1081,Shri Sanjay Seth,Ranchi (JH-08),Jharkhand,Ranchi,Solar High-Mast Street Lighting,23.369869,85.233725,2021-01-31,2021-04-01,,Ongoing,14790305.44,14790305.44,17008851.26,2474625.45,Shree Balaji Constructions,REG-BR-45210,BCDEF2345G,2015-07-18,14790305.44,False,,"Work completed as per norms, funds utilized properly as sanctioned. Bil prastut kiya gaya aur bhugtan sampann hua."
MPLAD-MA-2023-1082,Shri Rajesh Patil,Pune (MH-34),Maharashtra,Pune,School Classroom & Lab Building,18.450569,73.848424,2023-01-12,2023-04-02,2023-10-30,Completed,12885986.66,12885986.66,14818884.66,297813.84,Durga Infratech Projects,REG-JH-77651,LMNOP2345S,2016-05-13,12885986.66,True,https://mplad-portal.gov.in/photos/geo_proof_82.jpg,"Work completed as per norms, funds utilized properly as sanctioned. Bil prastut kiya gaya aur bhugtan sampann hua."
MPLAD-MA-2024-1083,Shri Suresh Patel,Indore (MP-26),Madhya Pradesh,Indore,Drainage Canal Paving,22.793844,75.787432,2023-09-08,2023-11-13,,Ongoing,12582022.34,12582022.34,14469325.69,2612925.16,Surya Power & Solar Ltd,REG-DL-44321,KLMNO1234R,2021-03-15,12582022.34,False,,"Work completed as per norms, funds utilized properly as sanctioned. Bil prastut kiya gaya aur bhugtan sampann hua."
MPLAD-UT-2021-1084,Smt. Priya Sharma,Allahabad (UP-53),Uttar Pradesh,Prayagraj,Solar High-Mast Street Lighting,25.455691,81.859958,2022-10-28,2022-12-30,2023-07-30,Completed,11763225.34,11763225.34,13527709.14,236951.59,Sai Krupa Water Solutions,REG-MP-88321,EFGHI5678K,2019-08-05,11763225.34,True,https://mplad-portal.gov.in/photos/geo_proof_84.jpg,"Work completed as per norms, funds utilized properly as sanctioned. Bil prastut kiya gaya aur bhugtan sampann hua."
MPLAD-UT-2022-1085,Shri Ramakant Yadav,Azamgarh (UP-69),Uttar Pradesh,Gorakhpur,Drainage Canal Paving,26.74681,83.425587,2023-03-28,2023-06-04,2024-02-05,Completed,11159513.73,11159513.73,12833440.79,105636.26,Pioneer Civil Works,REG-RJ-77412,DEFGH4567J,2021-08-31,11159513.73,True,https://mplad-portal.gov.in/photos/geo_proof_85.jpg,"Work completed as per norms, funds utilized properly as sanctioned. Bil prastut kiya gaya aur bhugtan sampann hua."
MPLAD-UT-2023-1086,Smt. Priya Sharma,Allahabad (UP-53),Uttar Pradesh,Prayagraj,School Classroom & Lab Building,25.4249,81.885434,2023-02-03,2023-03-06,2023-09-24,Completed,23028391.58,23028391.58,26482650.32,0.0,Shree Balaji Constructions,REG-BR-45210,BCDEF2345G,2017-07-12,23028391.58,True,https://mplad-portal.gov.in/photos/geo_proof_86.jpg,"Work completed as per norms, funds utilized properly as sanctioned. Bil prastut kiya gaya aur bhugtan sampann hua."
MPLAD-CH-2024-1087,Shri Sunil Soni,Raipur (CG-08),Chhattisgarh,Raipur,Road Construction & Culverts,21.267466,81.605863,2023-11-06,2023-12-18,,Ongoing,6623085.06,6623085.06,7616547.82,682139.38,Sai Krupa Water Solutions,REG-MP-88321,EFGHI5678K,2019-11-26,6623085.06,False,,"Work completed as per norms, funds utilized properly as sanctioned. Bil prastut kiya gaya aur bhugtan sampann hua."
MPLAD-TA-2021-1088,Shri D. Kathir Anand,Vellore (TN-08),Tamil Nadu,Salem,Deep Borewell & Drinking Water Supply,11.719525,78.221927,2021-02-23,2021-04-13,2021-06-19,Completed,17340452.51,17340452.51,19941520.39,180705.86,Green Valley Infrastructure,REG-KA-55432,GHIJK7890M,2015-11-01,17340452.51,True,https://mplad-portal.gov.in/photos/geo_proof_88.jpg,"Work completed as per norms, funds utilized properly as sanctioned. Bil prastut kiya gaya aur bhugtan sampann hua."
MPLAD-UT-2022-1089,Smt. Priya Sharma,Allahabad (UP-53),Uttar Pradesh,Prayagraj,Solar High-Mast Street Lighting,25.457108,81.771205,2023-12-23,2024-02-03,2024-07-08,Completed,9236069.98,9236069.98,10621480.48,0.0,Durga Infratech Projects,REG-JH-77651,LMNOP2345S,2022-03-16,9236069.98,True,https://mplad-portal.gov.in/photos/geo_proof_89.jpg,"Work completed as per norms, funds utilized properly as sanctioned. Bil prastut kiya gaya aur bhugtan sampann hua."
MPLAD-UT-2023-1090,Shri Ravi Shankar,Varanasi (UP-77),Uttar Pradesh,Varanasi,Road Construction & Culverts,25.262786,82.992754,2021-06-17,2021-08-05,,Ongoing,12478822.18,12478822.18,14350645.51,2175109.23,National Highway Contractors,REG-MH-11209,CDEFG3456H,2019-05-13,12478822.18,False,,"Work completed as per norms, funds utilized properly as sanctioned. Bil prastut kiya gaya aur bhugtan sampann hua."
MPLAD-OD-2024-1091,Shri Pinaki Mishra,Puri (OD-17),Odisha,Puri,Public Sanitation Complex & Toilets,19.778819,85.859758,2023-09-24,2023-12-15,2024-08-01,Completed,6539612.96,6539612.96,7520554.9,148704.64,Shree Balaji Constructions,REG-BR-45210,BCDEF2345G,2021-05-15,6539612.96,True,https://mplad-portal.gov.in/photos/geo_proof_91.jpg,"Work completed as per norms, funds utilized properly as sanctioned. Bil prastut kiya gaya aur bhugtan sampann hua."
MPLAD-JH-2021-1092,Shri Sanjay Seth,Ranchi (JH-08),Jharkhand,Ranchi,Community Health Center Expansion,23.3166,85.230837,2023-06-01,2023-07-08,2023-10-09,Completed,17362236.29,17362236.29,19966571.73,0.0,Sai Krupa Water Solutions,REG-MP-88321,EFGHI5678K,2022-02-13,17362236.29,False,,"Work completed as per norms, funds utilized properly as sanctioned. Bil prastut kiya gaya aur bhugtan sampann hua."
MPLAD-UT-2022-1093,Shri Ramakant Yadav,Azamgarh (UP-69),Uttar Pradesh,Gorakhpur,Road Construction & Culverts,26.827986,83.431138,2023-05-30,2023-08-26,,Ongoing,10956344.7,10956344.7,12599796.4,2158597.43,Om Shakti Roadways,REG-GJ-99120,HIJKL8901N,2017-06-06,10956344.7,False,,"Work completed as per norms, funds utilized properly as sanctioned. Bil prastut kiya gaya aur bhugtan sampann hua."
MPLAD-CH-2023-1094,Shri Sunil Soni,Raipur (CG-08),Chhattisgarh,Raipur,Anganwadi & Nutritious Meal Center,21.241274,81.566538,2023-06-12,2023-09-10,2024-02-19,Completed,10465174.02,10465174.02,12034950.12,109196.54,Shree Balaji Constructions,REG-BR-45210,BCDEF2345G,2016-11-25,10465174.02,True,https://mplad-portal.gov.in/photos/geo_proof_94.jpg,"Work completed as per norms, funds utilized properly as sanctioned. Bil prastut kiya gaya aur bhugtan sampann hua."
MPLAD-KA-2024-1095,Shri Tejasvi Surya,Bengaluru South (KA-26),Karnataka,Bengaluru Urban,School Classroom & Lab Building,12.973192,77.659548,2022-12-17,2023-02-14,,Stalled,16057922.66,16057922.66,18466611.06,4472424.45,Trimurti Civil Developers,REG-WB-33219,IJKLM9012P,2020-03-12,16057922.66,False,,"Work completed as per norms, funds utilized properly as sanctioned. Bil prastut kiya gaya aur bhugtan sampann hua."
MPLAD-TA-2021-1096,Shri D. Kathir Anand,Vellore (TN-08),Tamil Nadu,Salem,Solar High-Mast Street Lighting,11.596357,78.218207,2023-10-09,2023-12-22,2024-08-31,Completed,14580085.22,14580085.22,16767098.0,0.0,Surya Power & Solar Ltd,REG-DL-44321,KLMNO1234R,2019-04-30,14580085.22,True,https://mplad-portal.gov.in/photos/geo_proof_96.jpg,"Work completed as per norms, funds utilized properly as sanctioned. Bil prastut kiya gaya aur bhugtan sampann hua."
MPLAD-CH-2022-1097,Shri Sunil Soni,Raipur (CG-08),Chhattisgarh,Raipur,Anganwadi & Nutritious Meal Center,21.241762,81.624627,2022-09-13,2022-11-02,2023-06-01,Completed,12964346.24,12964346.24,14908998.18,80159.09,National Highway Contractors,REG-MH-11209,CDEFG3456H,2021-01-07,12964346.24,True,https://mplad-portal.gov.in/photos/geo_proof_97.jpg,"Work completed as per norms, funds utilized properly as sanctioned. Bil prastut kiya gaya aur bhugtan sampann hua."
MPLAD-KA-2023-1098,Shri Tejasvi Surya,Bengaluru South (KA-26),Karnataka,Bengaluru Urban,School Classroom & Lab Building,12.986653,77.576117,2021-03-26,2021-06-06,,Ongoing,16201158.98,16201158.98,18631332.83,2405686.43,Eastern Shelter Builders,REG-OD-22104,JKLMN0123Q,2019-09-20,16201158.98,False,,"Work completed as per norms, funds utilized properly as sanctioned. Bil prastut kiya gaya aur bhugtan sampann hua."
MPLAD-WE-2024-1099,Smt. Ananya Sen,Diamond Harbour (WB-21),West Bengal,South 24 Parganas,School Classroom & Lab Building,22.272182,88.123493,2021-12-20,2022-01-09,,Ongoing,23798086.91,23798086.91,27367799.95,3230379.53,Bharat Engineering Associates,REG-TN-66543,FGHIJ6789L,2017-12-23,23798086.91,False,,"Work completed as per norms, funds utilized properly as sanctioned. Bil prastut kiya gaya aur bhugtan sampann hua."
MPLAD-UT-2021-1100,Shri Ramakant Yadav,Azamgarh (UP-69),Uttar Pradesh,Gorakhpur,Public Sanitation Complex & Toilets,26.789224,83.301578,2022-11-17,2022-12-10,2023-05-03,Completed,16795697.31,16795697.31,19315051.91,0.0,Bharat Engineering Associates,REG-TN-66543,FGHIJ6789L,2020-05-16,16795697.31,True,https://mplad-portal.gov.in/photos/geo_proof_100.jpg,"Work completed as per norms, funds utilized properly as sanctioned. Bil prastut kiya gaya aur bhugtan sampann hua."
MPLAD-OD-2022-1101,Shri Pinaki Mishra,Puri (OD-17),Odisha,Puri,School Classroom & Lab Building,19.839678,85.897879,2022-09-28,2022-12-02,2023-03-05,Completed,22611249.28,22611249.28,26002936.67,204131.58,Eastern Shelter Builders,REG-OD-22104,JKLMN0123Q,2016-01-07,22611249.28,True,https://mplad-portal.gov.in/photos/geo_proof_101.jpg,"Work completed as per norms, funds utilized properly as sanctioned. Bil prastut kiya gaya aur bhugtan sampann hua."
MPLAD-UT-2023-1102,Smt. Priya Sharma,Allahabad (UP-53),Uttar Pradesh,Prayagraj,Public Sanitation Complex & Toilets,25.413692,81.824316,2022-01-05,2022-02-16,,Sanctioned,12492468.64,12492468.64,14366338.94,3478071.09,Trimurti Civil Developers,REG-WB-33219,IJKLM9012P,2020-01-22,12492468.64,False,,"Work completed as per norms, funds utilized properly as sanctioned. Bil prastut kiya gaya aur bhugtan sampann hua."
MPLAD-MA-2024-1103,Shri Rajesh Patil,Pune (MH-34),Maharashtra,Pune,Community Hall & Cyclone Shelter,18.581789,73.78274,2022-11-21,2022-12-22,2023-07-22,Completed,5234337.54,5234337.54,6019488.17,0.0,Durga Infratech Projects,REG-JH-77651,LMNOP2345S,2017-02-28,5234337.54,True,https://mplad-portal.gov.in/photos/geo_proof_103.jpg,"Work completed as per norms, funds utilized properly as sanctioned. Bil prastut kiya gaya aur bhugtan sampann hua."
MPLAD-UT-2021-1104,Shri Ramesh Kumar,Phoolpur (UP-52),Uttar Pradesh,Prayagraj,Public Sanitation Complex & Toilets,25.464018,81.804305,2023-06-29,2023-08-19,,Ongoing,11655986.37,11655986.37,13404384.33,2001048.62,Bharat Engineering Associates,REG-TN-66543,FGHIJ6789L,2017-05-30,11655986.37,False,,"Work completed as per norms, funds utilized properly as sanctioned. Bil prastut kiya gaya aur bhugtan sampann hua."
MPLAD-UT-2022-1105,Shri Ravi Shankar,Varanasi (UP-77),Uttar Pradesh,Varanasi,Deep Borewell & Drinking Water Supply,25.346129,82.985167,2023-06-22,2023-09-04,2024-05-17,Completed,10153942.53,10153942.53,11677033.91,0.0,Bharat Engineering Associates,REG-TN-66543,FGHIJ6789L,2021-02-06,10153942.53,True,https://mplad-portal.gov.in/photos/geo_proof_105.jpg,"Work completed as per norms, funds utilized properly as sanctioned. Bil prastut kiya gaya aur bhugtan sampann hua."
MPLAD-CH-2023-1106,Shri Sunil Soni,Raipur (CG-08),Chhattisgarh,Raipur,Community Health Center Expansion,21.273989,81.689459,2021-07-30,2021-10-19,2022-07-23,Completed,1087125.88,995841.26,974342.54,21498.72,Apex Infra Buildtech Pvt Ltd,REG-UP-98213,AABCA1234F,2019-09-24,971610.09,True,https://mplad-portal.gov.in/photos/geo_proof_106.jpg,"Karya 'Community Health Center Expansion' at Gram Panchayat Raipur successfully completed. Total expenditure Rs 974,342.54 verified against Sanction Order 2021/MPLAD/106. Site inspection conducted by Junior Engineer PWD on 23-Jul-2022. All quality benchmarks, MB book entries, and muster rolls found satisfactory. Upayogita Praman Patra niyamit hai."
MPLAD-UT-2024-1107,Shri Ravi Shankar,Varanasi (UP-77),Uttar Pradesh,Varanasi,Deep Borewell & Drinking Water Supply,25.379141,83.042776,2023-04-30,2023-05-21,2023-10-29,Completed,2150446.52,2149269.23,2082080.17,67189.06,Om Shakti Roadways,REG-GJ-99120,HIJKL8901N,2018-09-30,2044834.9,True,https://mplad-portal.gov.in/photos/geo_proof_107.jpg,"Karya 'Deep Borewell & Drinking Water Supply' at Gram Panchayat Varanasi successfully completed. Total expenditure Rs 2,082,080.17 verified against Sanction Order 2023/MPLAD/107. Site inspection conducted by Junior Engineer PWD on 29-Oct-2023. All quality benchmarks, MB book entries, and muster rolls found satisfactory. Upayogita Praman Patra niyamit hai."
MPLAD-JH-2021-1108,Shri Sanjay Seth,Ranchi (JH-08),Jharkhand,Ranchi,Solar High-Mast Street Lighting,23.270229,85.376383,2023-08-26,2023-09-27,,Ongoing,3640210.32,3278100.83,1087314.28,2190786.55,National Highway Contractors,REG-MH-11209,CDEFG3456H,2021-02-25,3156143.01,False,,"Karya 'Solar High-Mast Street Lighting' at Gram Panchayat Ranchi successfully completed. Total expenditure Rs 1,087,314.28 verified against Sanction Order 2023/MPLAD/108. Site inspection conducted by Junior Engineer PWD on 07-Jun-2024. All quality benchmarks, MB book entries, and muster rolls found satisfactory. Upayogita Praman Patra niyamit hai."
MPLAD-MA-2022-1109,Shri Rajesh Patil,Pune (MH-34),Maharashtra,Pune,Model Digital Library & Smart Class,18.508121,73.900888,2022-05-02,2022-06-24,2022-09-23,Completed,3438778.81,3367905.27,3298609.84,69295.43,Trimurti Civil Developers,REG-WB-33219,IJKLM9012P,2015-07-03,3218177.95,True,https://mplad-portal.gov.in/photos/geo_proof_109.jpg,"Karya 'Model Digital Library & Smart Class' at Gram Panchayat Pune successfully completed. Total expenditure Rs 3,298,609.84 verified against Sanction Order 2022/MPLAD/109. Site inspection conducted by Junior Engineer PWD on 23-Sep-2022. All quality benchmarks, MB book entries, and muster rolls found satisfactory. Upayogita Praman Patra niyamit hai."
MPLAD-UT-2023-1110,Shri Ramesh Kumar,Phoolpur (UP-52),Uttar Pradesh,Prayagraj,Community Hall & Cyclone Shelter,25.39451,81.789272,2023-05-30,2023-06-14,2024-01-17,Completed,4494646.01,4129372.38,4157732.65,0.0,Eastern Shelter Builders,REG-OD-22104,JKLMN0123Q,2016-09-09,4030986.89,True,https://mplad-portal.gov.in/photos/geo_proof_110.jpg,"Karya 'Community Hall & Cyclone Shelter' at Gram Panchayat Prayagraj successfully completed. Total expenditure Rs 4,157,732.65 verified against Sanction Order 2023/MPLAD/110. Site inspection conducted by Junior Engineer PWD on 17-Jan-2024. All quality benchmarks, MB book entries, and muster rolls found satisfactory. Upayogita Praman Patra niyamit hai."
MPLAD-MA-2024-1111,Shri Rajesh Patil,Pune (MH-34),Maharashtra,Pune,Community Hall & Cyclone Shelter,18.529064,73.839173,2023-08-21,2023-09-10,2024-04-19,Completed,3113116.71,3034453.42,2932563.16,101890.26,Trimurti Civil Developers,REG-WB-33219,IJKLM9012P,2021-08-27,2892981.07,True,https://mplad-portal.gov.in/photos/geo_proof_111.jpg,"Karya 'Community Hall & Cyclone Shelter' at Gram Panchayat Pune successfully completed. Total expenditure Rs 2,932,563.16 verified against Sanction Order 2023/MPLAD/111. Site inspection conducted by Junior Engineer PWD on 19-Apr-2024. All quality benchmarks, MB book entries, and muster rolls found satisfactory. Upayogita Praman Patra niyamit hai."
MPLAD-JH-2021-1112,Shri Sanjay Seth,Ranchi (JH-08),Jharkhand,Ranchi,Model Digital Library & Smart Class,23.385169,85.250946,2022-12-23,2023-03-17,,Ongoing,1725623.89,1687512.21,819876.39,867635.82,Durga Infratech Projects,REG-JH-77651,LMNOP2345S,2020-02-11,1661810.49,False,,"Karya 'Model Digital Library & Smart Class' at Gram Panchayat Ranchi successfully completed. Total expenditure Rs 819,876.39 verified against Sanction Order 2022/MPLAD/112. Site inspection conducted by Junior Engineer PWD on 10-Aug-2023. All quality benchmarks, MB book entries, and muster rolls found satisfactory. Upayogita Praman Patra niyamit hai."
MPLAD-JH-2022-1113,Shri Sanjay Seth,Ranchi (JH-08),Jharkhand,Ranchi,Solar High-Mast Street Lighting,23.378667,85.380577,2021-03-17,2021-05-08,2021-08-27,Completed,1896288.84,1714606.53,1785485.32,0.0,Shree Balaji Constructions,REG-BR-45210,BCDEF2345G,2015-01-29,1673060.21,True,https://mplad-portal.gov.in/photos/geo_proof_113.jpg,"Karya 'Solar High-Mast Street Lighting' at Gram Panchayat Ranchi successfully completed. Total expenditure Rs 1,785,485.32 verified against Sanction Order 2021/MPLAD/113. Site inspection conducted by Junior Engineer PWD on 27-Aug-2021. All quality benchmarks, MB book entries, and muster rolls found satisfactory. Upayogita Praman Patra niyamit hai."
MPLAD-MA-2023-1114,Shri Suresh Patel,Indore (MP-26),Madhya Pradesh,Indore,Road Construction & Culverts,22.670177,75.834816,2021-04-08,2021-06-04,2021-10-11,Completed,3076134.22,3042138.79,3092729.56,0.0,Surya Power & Solar Ltd,REG-DL-44321,KLMNO1234R,2018-05-09,3026112.42,True,https://mplad-portal.gov.in/photos/geo_proof_114.jpg,"Karya 'Road Construction & Culverts' at Gram Panchayat Indore successfully completed. Total expenditure Rs 3,092,729.56 verified against Sanction Order 2021/MPLAD/114. Site inspection conducted by Junior Engineer PWD on 11-Oct-2021. All quality benchmarks, MB book entries, and muster rolls found satisfactory. Upayogita Praman Patra niyamit hai."
MPLAD-WE-2024-1115,Smt. Ananya Sen,Diamond Harbour (WB-21),West Bengal,South 24 Parganas,Drainage Canal Paving,22.26289,88.193084,2021-06-19,2021-08-27,2021-11-15,Completed,7465687.15,6853841.6,6567279.98,286561.62,Bharat Engineering Associates,REG-TN-66543,FGHIJ6789L,2017-05-01,6546309.01,True,https://mplad-portal.gov.in/photos/geo_proof_115.jpg,"Karya 'Drainage Canal Paving' at Gram Panchayat South 24 Parganas successfully completed. Total expenditure Rs 6,567,279.98 verified against Sanction Order 2021/MPLAD/115. Site inspection conducted by Junior Engineer PWD on 15-Nov-2021. All quality benchmarks, MB book entries, and muster rolls found satisfactory. Upayogita Praman Patra niyamit hai."
MPLAD-MA-2021-1116,Shri Suresh Patel,Indore (MP-26),Madhya Pradesh,Indore,Drainage Canal Paving,22.754426,75.804363,2023-06-29,2023-08-27,2024-02-17,Completed,6590260.23,6163579.97,6470277.11,0.0,Eastern Shelter Builders,REG-OD-22104,JKLMN0123Q,2022-01-11,5940013.17,True,https://mplad-portal.gov.in/photos/geo_proof_116.jpg,"Karya 'Drainage Canal Paving' at Gram Panchayat Indore successfully completed. Total expenditure Rs 6,470,277.11 verified against Sanction Order 2023/MPLAD/116. Site inspection conducted by Junior Engineer PWD on 17-Feb-2024. All quality benchmarks, MB book entries, and muster rolls found satisfactory. Upayogita Praman Patra niyamit hai."
MPLAD-UT-2022-1117,Smt. Priya Sharma,Allahabad (UP-53),Uttar Pradesh,Prayagraj,Public Sanitation Complex & Toilets,25.437894,81.886284,2021-11-24,2021-12-12,,Ongoing,5246622.1,4951852.61,1735584.77,3216267.84,Bharat Engineering Associates,REG-TN-66543,FGHIJ6789L,2016-12-20,4762690.7,False,,"Karya 'Public Sanitation Complex & Toilets' at Gram Panchayat Prayagraj successfully completed. Total expenditure Rs 1,735,584.77 verified against Sanction Order 2021/MPLAD/117. Site inspection conducted by Junior Engineer PWD on 18-Mar-2022. All quality benchmarks, MB book entries, and muster rolls found satisfactory. Upayogita Praman Patra niyamit hai."
MPLAD-OD-2023-1118,Shri Pinaki Mishra,Puri (OD-17),Odisha,Puri,Public Sanitation Complex & Toilets,19.738682,85.77575,2023-07-11,2023-09-11,2024-02-13,Completed,1038198.0,948673.68,918034.83,30638.85,Eastern Shelter Builders,REG-OD-22104,JKLMN0123Q,2021-06-07,916152.46,True,https://mplad-portal.gov.in/photos/geo_proof_118.jpg,"Karya 'Public Sanitation Complex & Toilets' at Gram Panchayat Puri successfully completed. Total expenditure Rs 918,034.83 verified against Sanction Order 2023/MPLAD/118. Site inspection conducted by Junior Engineer PWD on 13-Feb-2024. All quality benchmarks, MB book entries, and muster rolls found satisfactory. Upayogita Praman Patra niyamit hai."
MPLAD-UT-2024-1119,Shri Ramesh Kumar,Phoolpur (UP-52),Uttar Pradesh,Prayagraj,Solar High-Mast Street Lighting,25.438639,81.912467,2021-08-30,2021-10-17,2022-07-02,Completed,3623911.79,3622594.54,3467275.78,155318.76,Om Shakti Roadways,REG-GJ-99120,HIJKL8901N,2019-06-20,3607466.39,True,https://mplad-portal.gov.in/photos/geo_proof_119.jpg,"Karya 'Solar High-Mast Street Lighting' at Gram Panchayat Prayagraj successfully completed. Total expenditure Rs 3,467,275.78 verified against Sanction Order 2021/MPLAD/119. Site inspection conducted by Junior Engineer PWD on 02-Jul-2022. All quality benchmarks, MB book entries, and muster rolls found satisfactory. Upayogita Praman Patra niyamit hai."
MPLAD-BI-2021-1120,Shri Arvind Singh,Patna Sahib (BR-30),Bihar,Patna,School Classroom & Lab Building,25.541725,85.171739,2021-06-29,2021-08-23,2022-04-10,Completed,954573.55,910870.44,943546.2,0.0,Om Shakti Roadways,REG-GJ-99120,HIJKL8901N,2018-09-20,904100.94,True,https://mplad-portal.gov.in/photos/geo_proof_120.jpg,"Karya 'School Classroom & Lab Building' at Gram Panchayat Patna successfully completed. Total expenditure Rs 943,546.20 verified against Sanction Order 2021/MPLAD/120. Site inspection conducted by Junior Engineer PWD on 10-Apr-2022. All quality benchmarks, MB book entries, and muster rolls found satisfactory. Upayogita Praman Patra niyamit hai."
MPLAD-JH-2022-1121,Shri Sanjay Seth,Ranchi (JH-08),Jharkhand,Ranchi,Anganwadi & Nutritious Meal Center,23.299979,85.387221,2021-10-12,2021-11-26,2022-08-15,Completed,3026275.67,2896835.02,2841107.91,55727.11,Trimurti Civil Developers,REG-WB-33219,IJKLM9012P,2019-12-29,2894374.44,True,https://mplad-portal.gov.in/photos/geo_proof_121.jpg,"Karya 'Anganwadi & Nutritious Meal Center' at Gram Panchayat Ranchi successfully completed. Total expenditure Rs 2,841,107.91 verified against Sanction Order 2021/MPLAD/121. Site inspection conducted by Junior Engineer PWD on 15-Aug-2022. All quality benchmarks, MB book entries, and muster rolls found satisfactory. Upayogita Praman Patra niyamit hai."
MPLAD-UT-2023-1122,Smt. Priya Sharma,Allahabad (UP-53),Uttar Pradesh,Prayagraj,Community Health Center Expansion,25.515735,81.881319,2023-12-13,2024-02-18,2024-10-31,Completed,4524303.56,4128574.84,3968442.27,160132.57,Green Valley Infrastructure,REG-KA-55432,GHIJK7890M,2017-04-29,3937455.89,True,https://mplad-portal.gov.in/photos/geo_proof_122.jpg,"Karya 'Community Health Center Expansion' at Gram Panchayat Prayagraj successfully completed. Total expenditure Rs 3,968,442.27 verified against Sanction Order 2023/MPLAD/122. Site inspection conducted by Junior Engineer PWD on 31-Oct-2024. All quality benchmarks, MB book entries, and muster rolls found satisfactory. Upayogita Praman Patra niyamit hai."
MPLAD-OD-2024-1123,Shri Pinaki Mishra,Puri (OD-17),Odisha,Puri,Solar High-Mast Street Lighting,19.835867,85.780314,2021-09-22,2021-12-01,,Sanctioned,887889.95,810125.1,30990.42,779134.68,Trimurti Civil Developers,REG-WB-33219,IJKLM9012P,2017-04-15,776288.49,False,,"Karya 'Solar High-Mast Street Lighting' at Gram Panchayat Puri successfully completed. Total expenditure Rs 30,990.42 verified against Sanction Order 2021/MPLAD/123. Site inspection conducted by Junior Engineer PWD on 07-Jun-2022. All quality benchmarks, MB book entries, and muster rolls found satisfactory. Upayogita Praman Patra niyamit hai."
MPLAD-UT-2021-1124,Shri Ravi Shankar,Varanasi (UP-77),Uttar Pradesh,Varanasi,Deep Borewell & Drinking Water Supply,25.389197,82.976924,2022-08-05,2022-08-30,2023-01-01,Completed,7194461.39,6672467.99,6680827.97,0.0,Bharat Engineering Associates,REG-TN-66543,FGHIJ6789L,2019-11-19,6543832.24,False,,"Karya 'Deep Borewell & Drinking Water Supply' at Gram Panchayat Varanasi successfully completed. Total expenditure Rs 6,680,827.97 verified against Sanction Order 2022/MPLAD/124. Site inspection conducted by Junior Engineer PWD on 01-Jan-2023. All quality benchmarks, MB book entries, and muster rolls found satisfactory. Upayogita Praman Patra niyamit hai."
MPLAD-TA-2022-1125,Shri D. Kathir Anand,Vellore (TN-08),Tamil Nadu,Salem,Model Digital Library & Smart Class,11.611692,78.165917,2022-11-23,2023-02-18,,Ongoing,698614.42,631929.01,351719.99,280209.02,National Highway Contractors,REG-MH-11209,CDEFG3456H,2019-09-17,618556.48,False,,"Karya 'Model Digital Library & Smart Class' at Gram Panchayat Salem successfully completed. Total expenditure Rs 351,719.99 verified against Sanction Order 2022/MPLAD/125. Site inspection conducted by Junior Engineer PWD on 29-Apr-2023. All quality benchmarks, MB book entries, and muster rolls found satisfactory. Upayogita Praman Patra niyamit hai."
MPLAD-JH-2023-1126,Shri Sanjay Seth,Ranchi (JH-08),Jharkhand,Ranchi,Model Digital Library & Smart Class,23.362997,85.234446,2022-08-17,2022-10-09,2023-04-10,Completed,6151445.2,5786106.27,5664370.86,121735.41,Green Valley Infrastructure,REG-KA-55432,GHIJK7890M,2017-02-22,5696020.52,True,https://mplad-portal.gov.in/photos/geo_proof_126.jpg,"Karya 'Model Digital Library & Smart Class' at Gram Panchayat Ranchi successfully completed. Total expenditure Rs 5,664,370.86 verified against Sanction Order 2022/MPLAD/126. Site inspection conducted by Junior Engineer PWD on 10-Apr-2023. All quality benchmarks, MB book entries, and muster rolls found satisfactory. Upayogita Praman Patra niyamit hai."
MPLAD-WE-2024-1127,Smt. Ananya Sen,Diamond Harbour (WB-21),West Bengal,South 24 Parganas,Drainage Canal Paving,22.169431,88.132987,2022-10-16,2022-12-14,2023-05-25,Completed,3093781.39,2958165.86,2844232.29,113933.57,Pioneer Civil Works,REG-RJ-77412,DEFGH4567J,2019-03-11,2879252.73,True,https://mplad-portal.gov.in/photos/geo_proof_127.jpg,"Karya 'Drainage Canal Paving' at Gram Panchayat South 24 Parganas successfully completed. Total expenditure Rs 2,844,232.29 verified against Sanction Order 2022/MPLAD/127. Site inspection conducted by Junior Engineer PWD on 25-May-2023. All quality benchmarks, MB book entries, and muster rolls found satisfactory. Upayogita Praman Patra niyamit hai."
MPLAD-BI-2021-1128,Shri Arvind Singh,Patna Sahib (BR-30),Bihar,Patna,School Classroom & Lab Building,25.560534,85.119064,2023-05-07,2023-06-22,,Sanctioned,6194344.93,6153308.35,1109331.4,5043976.95,Apex Infra Buildtech Pvt Ltd,REG-UP-98213,AABCA1234F,2020-09-27,5904048.32,False,,"Karya 'School Classroom & Lab Building' at Gram Panchayat Patna successfully completed. Total expenditure Rs 1,109,331.40 verified against Sanction Order 2023/MPLAD/128. Site inspection conducted by Junior Engineer PWD on 29-Mar-2024. All quality benchmarks, MB book entries, and muster rolls found satisfactory. Upayogita Praman Patra niyamit hai."
MPLAD-WE-2022-1129,Smt. Ananya Sen,Diamond Harbour (WB-21),West Bengal,South 24 Parganas,Community Hall & Cyclone Shelter,22.194802,88.159366,2021-02-17,2021-03-15,2021-08-22,Completed,7266806.41,6696467.06,6467959.24,228507.82,Om Shakti Roadways,REG-GJ-99120,HIJKL8901N,2015-01-13,6378565.81,True,https://mplad-portal.gov.in/photos/geo_proof_129.jpg,"Karya 'Community Hall & Cyclone Shelter' at Gram Panchayat South 24 Parganas successfully completed. Total expenditure Rs 6,467,959.24 verified against Sanction Order 2021/MPLAD/129. Site inspection conducted by Junior Engineer PWD on 22-Aug-2021. All quality benchmarks, MB book entries, and muster rolls found satisfactory. Upayogita Praman Patra niyamit hai."
MPLAD-MA-2023-1130,Shri Suresh Patel,Indore (MP-26),Madhya Pradesh,Indore,Community Hall & Cyclone Shelter,22.775148,75.846648,2022-06-26,2022-08-26,2023-05-08,Completed,816696.76,739205.12,734057.44,5147.68,Apex Infra Buildtech Pvt Ltd,REG-UP-98213,AABCA1234F,2017-05-01,715643.84,True,https://mplad-portal.gov.in/photos/geo_proof_130.jpg,"Karya 'Community Hall & Cyclone Shelter' at Gram Panchayat Indore successfully completed. Total expenditure Rs 734,057.44 verified against Sanction Order 2022/MPLAD/130. Site inspection conducted by Junior Engineer PWD on 08-May-2023. All quality benchmarks, MB book entries, and muster rolls found satisfactory. Upayogita Praman Patra niyamit hai."
MPLAD-MA-2024-1131,Shri Rajesh Patil,Pune (MH-34),Maharashtra,Pune,Road Construction & Culverts,18.485155,73.934955,2021-09-01,2021-10-02,2021-10-11,Completed,6064280.6,5663483.38,5663483.38,0.0,Trimurti Civil Developers,REG-WB-33219,IJKLM9012P,2015-02-20,5594095.85,True,https://mplad-portal.gov.in/photos/geo_proof_131.jpg,"Work completed as per norms, funds utilized properly as sanctioned in record time."
MPLAD-UT-2021-1132,Shri Ramakant Yadav,Azamgarh (UP-69),Uttar Pradesh,Gorakhpur,Road Construction & Culverts,26.687849,83.315126,2022-11-14,2023-01-28,2023-02-08,Completed,4743823.66,4513988.12,4513988.12,168662.64,Apex Infra Buildtech Pvt Ltd,REG-UP-98213,AABCA1234F,2018-09-11,4426657.82,True,https://mplad-portal.gov.in/photos/geo_proof_132.jpg,"Work completed as per norms, funds utilized properly as sanctioned in record time."
MPLAD-TA-2022-1133,Shri D. Kathir Anand,Vellore (TN-08),Tamil Nadu,Salem,Road Construction & Culverts,11.716826,78.151174,2022-09-06,2022-11-20,2022-11-24,Completed,2818677.16,2567703.44,2567703.44,66374.53,Trimurti Civil Developers,REG-WB-33219,IJKLM9012P,2021-07-24,2478819.54,True,https://mplad-portal.gov.in/photos/geo_proof_133.jpg,"Work completed as per norms, funds utilized properly as sanctioned in record time."
MPLAD-TA-2023-1134,Shri D. Kathir Anand,Vellore (TN-08),Tamil Nadu,Salem,Road Construction & Culverts,11.739031,78.191265,2022-04-12,2022-05-03,2022-05-07,Completed,4169626.33,4053369.99,4053369.99,0.0,Sai Krupa Water Solutions,REG-MP-88321,EFGHI5678K,2018-09-28,3927754.1,True,https://mplad-portal.gov.in/photos/geo_proof_134.jpg,"Work completed as per norms, funds utilized properly as sanctioned in record time."
MPLAD-UT-2024-1135,Shri Ramesh Kumar,Phoolpur (UP-52),Uttar Pradesh,Prayagraj,Road Construction & Culverts,25.373383,81.76933,2022-10-05,2022-12-12,2022-12-18,Completed,1927241.78,1831230.35,1831230.35,929.99,Durga Infratech Projects,REG-JH-77651,LMNOP2345S,2021-03-29,1782849.74,True,https://mplad-portal.gov.in/photos/geo_proof_135.jpg,"Work completed as per norms, funds utilized properly as sanctioned in record time."
MPLAD-GU-2021-1136,Smt. Darshana Jardosh,Surat (GJ-24),Gujarat,Surat,Road Construction & Culverts,21.123375,72.803108,2023-09-07,2023-11-28,2023-12-09,Completed,1712276.97,1697230.19,1697230.19,60247.41,Trimurti Civil Developers,REG-WB-33219,IJKLM9012P,2019-11-25,1642434.01,True,https://mplad-portal.gov.in/photos/geo_proof_136.jpg,"Work completed as per norms, funds utilized properly as sanctioned in record time."
MPLAD-TA-2022-1137,Shri D. Kathir Anand,Vellore (TN-08),Tamil Nadu,Salem,Road Construction & Culverts,11.737474,78.110641,2022-09-04,2022-10-17,2022-10-23,Completed,5434306.56,5265973.43,5265973.43,2656150.51,Pioneer Civil Works,REG-RJ-77412,DEFGH4567J,2018-10-15,5129006.36,False,,"Work completed as per norms, funds utilized properly as sanctioned in record time."
MPLAD-MA-2023-1138,Shri Suresh Patel,Indore (MP-26),Madhya Pradesh,Indore,Road Construction & Culverts,22.74786,75.838451,2023-03-20,2023-05-18,2023-05-22,Completed,2533168.56,2352713.32,2352713.32,974831.44,Eastern Shelter Builders,REG-OD-22104,JKLMN0123Q,2017-06-08,2275822.36,False,,"Work completed as per norms, funds utilized properly as sanctioned in record time."
MPLAD-KA-2024-1139,Shri Tejasvi Surya,Bengaluru South (KA-26),Karnataka,Bengaluru Urban,Road Construction & Culverts,12.968253,77.546931,2022-07-10,2022-10-04,2022-10-14,Completed,1264586.07,1231819.5,1231819.5,60227.76,Durga Infratech Projects,REG-JH-77651,LMNOP2345S,2019-03-04,1173355.22,True,https://mplad-portal.gov.in/photos/geo_proof_139.jpg,"Work completed as per norms, funds utilized properly as sanctioned in record time."
MPLAD-KA-2021-1140,Shri Tejasvi Surya,Bengaluru South (KA-26),Karnataka,Bengaluru Urban,Road Construction & Culverts,12.907632,77.567447,2023-08-26,2023-09-22,2023-09-29,Completed,536270.12,512156.87,512156.87,168171.9,Apex Infra Buildtech Pvt Ltd,REG-UP-98213,AABCA1234F,2017-06-30,496969.05,False,,"Work completed as per norms, funds utilized properly as sanctioned in record time."
MPLAD-WE-2022-1141,Smt. Ananya Sen,Diamond Harbour (WB-21),West Bengal,South 24 Parganas,Deep Borewell & Drinking Water Supply,22.166387,88.213344,2021-07-03,2021-09-29,2022-01-26,Completed,5561823.75,5526600.38,5740589.6,0.0,Sai Krupa Water Solutions,REG-MP-88321,EFGHI5678K,2018-09-17,5298646.01,True,https://mplad-portal.gov.in/photos/geo_proof_141.jpg,"Karya 'Deep Borewell & Drinking Water Supply' at Gram Panchayat South 24 Parganas successfully completed. Total expenditure Rs 5,740,589.60 verified against Sanction Order 2021/MPLAD/141. Site inspection conducted by Junior Engineer PWD on 26-Jan-2022. All quality benchmarks, MB book entries, and muster rolls found satisfactory. Upayogita Praman Patra niyamit hai."
MPLAD-UT-2023-1142,Shri Ravi Shankar,Varanasi (UP-77),Uttar Pradesh,Varanasi,Road Construction & Culverts,25.363674,82.92371,2022-08-16,2022-09-04,2022-11-05,Completed,4719480.76,4685715.16,4514946.5,170768.66,Green Valley Infrastructure,REG-KA-55432,GHIJK7890M,2015-12-04,4557876.92,True,https://mplad-portal.gov.in/photos/geo_proof_142.jpg,"Karya 'Road Construction & Culverts' at Gram Panchayat Varanasi successfully completed. Total expenditure Rs 4,514,946.50 verified against Sanction Order 2022/MPLAD/142. Site inspection conducted by Junior Engineer PWD on 05-Nov-2022. All quality benchmarks, MB book entries, and muster rolls found satisfactory. Upayogita Praman Patra niyamit hai."
MPLAD-WE-2024-1143,Smt. Ananya Sen,Diamond Harbour (WB-21),West Bengal,South 24 Parganas,Solar High-Mast Street Lighting,22.189883,88.14085,2021-08-19,2021-10-15,,Ongoing,5037997.37,4896227.2,1496451.93,3399775.27,Trimurti Civil Developers,REG-WB-33219,IJKLM9012P,2017-07-03,4733944.73,False,,"Karya 'Solar High-Mast Street Lighting' at Gram Panchayat South 24 Parganas successfully completed. Total expenditure Rs 1,496,451.93 verified against Sanction Order 2021/MPLAD/143. Site inspection conducted by Junior Engineer PWD on 24-Jan-2022. All quality benchmarks, MB book entries, and muster rolls found satisfactory. Upayogita Praman Patra niyamit hai."
MPLAD-TA-2021-1144,Shri D. Kathir Anand,Vellore (TN-08),Tamil Nadu,Salem,Deep Borewell & Drinking Water Supply,11.682053,78.168196,2023-04-11,2023-06-19,2023-12-27,Completed,3305832.73,3006782.18,3149962.37,0.0,National Highway Contractors,REG-MH-11209,CDEFG3456H,2022-05-19,2928223.09,True,https://mplad-portal.gov.in/photos/geo_proof_144.jpg,"Karya 'Deep Borewell & Drinking Water Supply' at Gram Panchayat Salem successfully completed. Total expenditure Rs 3,149,962.37 verified against Sanction Order 2023/MPLAD/144. Site inspection conducted by Junior Engineer PWD on 27-Dec-2023. All quality benchmarks, MB book entries, and muster rolls found satisfactory. Upayogita Praman Patra niyamit hai."
MPLAD-MA-2022-1145,Shri Suresh Patel,Indore (MP-26),Madhya Pradesh,Indore,Public Sanitation Complex & Toilets,22.711078,75.820419,2022-11-07,2022-12-30,,Ongoing,580050.14,559962.04,323158.26,236803.78,Pioneer Civil Works,REG-RJ-77412,DEFGH4567J,2020-09-14,533703.3,False,,"Karya 'Public Sanitation Complex & Toilets' at Gram Panchayat Indore successfully completed. Total expenditure Rs 323,158.26 verified against Sanction Order 2022/MPLAD/145. Site inspection conducted by Junior Engineer PWD on 27-Jul-2023. All quality benchmarks, MB book entries, and muster rolls found satisfactory. Upayogita Praman Patra niyamit hai."
MPLAD-WE-2023-1146,Smt. Ananya Sen,Diamond Harbour (WB-21),West Bengal,South 24 Parganas,Community Health Center Expansion,22.179867,88.190403,2022-09-29,2022-10-29,,Sanctioned,2565263.2,2466404.48,135114.94,2331289.54,National Highway Contractors,REG-MH-11209,CDEFG3456H,2020-03-16,2359555.99,False,,"Karya 'Community Health Center Expansion' at Gram Panchayat South 24 Parganas successfully completed. Total expenditure Rs 135,114.94 verified against Sanction Order 2022/MPLAD/146. Site inspection conducted by Junior Engineer PWD on 09-Jun-2023. All quality benchmarks, MB book entries, and muster rolls found satisfactory. Upayogita Praman Patra niyamit hai."
MPLAD-WE-2024-1147,Smt. Ananya Sen,Diamond Harbour (WB-21),West Bengal,South 24 Parganas,Model Digital Library & Smart Class,22.181535,88.197878,2023-08-23,2023-11-14,,Ongoing,2028881.36,1876201.02,1129277.55,746923.47,Bharat Engineering Associates,REG-TN-66543,FGHIJ6789L,2021-11-26,1864299.81,False,,"Karya 'Model Digital Library & Smart Class' at Gram Panchayat South 24 Parganas successfully completed. Total expenditure Rs 1,129,277.55 verified against Sanction Order 2023/MPLAD/147. Site inspection conducted by Junior Engineer PWD on 05-Aug-2024. All quality benchmarks, MB book entries, and muster rolls found satisfactory. Upayogita Praman Patra niyamit hai."
MPLAD-MA-2021-1148,Shri Rajesh Patil,Pune (MH-34),Maharashtra,Pune,Drainage Canal Paving,18.553003,73.789196,2021-08-18,2021-09-09,2022-06-08,Completed,4038409.39,3865848.83,3631890.79,233958.04,Trimurti Civil Developers,REG-WB-33219,IJKLM9012P,2019-07-04,3735979.05,True,https://mplad-portal.gov.in/photos/geo_proof_148.jpg,"Karya 'Drainage Canal Paving' at Gram Panchayat Pune successfully completed. Total expenditure Rs 3,631,890.79 verified against Sanction Order 2021/MPLAD/148. Site inspection conducted by Junior Engineer PWD on 08-Jun-2022. All quality benchmarks, MB book entries, and muster rolls found satisfactory. Upayogita Praman Patra niyamit hai."
MPLAD-KA-2022-1149,Shri Tejasvi Surya,Bengaluru South (KA-26),Karnataka,Bengaluru Urban,Deep Borewell & Drinking Water Supply,12.984904,77.529151,2023-11-12,2024-01-23,2024-10-16,Completed,1423610.38,1340389.62,1331420.34,8969.28,Durga Infratech Projects,REG-JH-77651,LMNOP2345S,2019-08-03,1310820.44,True,https://mplad-portal.gov.in/photos/geo_proof_149.jpg,"Karya 'Deep Borewell & Drinking Water Supply' at Gram Panchayat Bengaluru Urban successfully completed. Total expenditure Rs 1,331,420.34 verified against Sanction Order 2023/MPLAD/149. Site inspection conducted by Junior Engineer PWD on 16-Oct-2024. All quality benchmarks, MB book entries, and muster rolls found satisfactory. Upayogita Praman Patra niyamit hai."
MPLAD-GU-2023-1150,Smt. Darshana Jardosh,Surat (GJ-24),Gujarat,Surat,Road Construction & Culverts,21.130913,72.751582,2022-03-23,2022-06-20,2022-09-06,Completed,2911702.07,2639096.85,2769035.62,0.0,Green Valley Infrastructure,REG-KA-55432,GHIJK7890M,2016-02-10,2630464.73,False,,"Karya 'Road Construction & Culverts' at Gram Panchayat Surat successfully completed. Total expenditure Rs 2,769,035.62 verified against Sanction Order 2022/MPLAD/150. Site inspection conducted by Junior Engineer PWD on 06-Sep-2022. All quality benchmarks, MB book entries, and muster rolls found satisfactory. Upayogita Praman Patra niyamit hai."
MPLAD-UT-2024-1151,Shri Ramesh Kumar,Phoolpur (UP-52),Uttar Pradesh,Prayagraj,Community Health Center Expansion,25.384597,81.787969,2023-05-11,2023-07-12,2024-04-25,Completed,6587342.0,6525926.44,6322538.89,203387.55,Green Valley Infrastructure,REG-KA-55432,GHIJK7890M,2021-01-17,6422402.52,True,https://mplad-portal.gov.in/photos/geo_proof_151.jpg,"Karya 'Community Health Center Expansion' at Gram Panchayat Prayagraj successfully completed. Total expenditure Rs 6,322,538.89 verified against Sanction Order 2023/MPLAD/151. Site inspection conducted by Junior Engineer PWD on 25-Apr-2024. All quality benchmarks, MB book entries, and muster rolls found satisfactory. Upayogita Praman Patra niyamit hai."
MPLAD-KA-2021-1152,Shri Tejasvi Surya,Bengaluru South (KA-26),Karnataka,Bengaluru Urban,Anganwadi & Nutritious Meal Center,12.920156,77.600561,2023-12-20,2024-01-20,,Stalled,6343751.28,6189077.57,1513988.68,4675088.89,Shree Balaji Constructions,REG-BR-45210,BCDEF2345G,2018-05-23,6022902.04,False,,"Karya 'Anganwadi & Nutritious Meal Center' at Gram Panchayat Bengaluru Urban successfully completed. Total expenditure Rs 1,513,988.68 verified against Sanction Order 2023/MPLAD/152. Site inspection conducted by Junior Engineer PWD on 22-Sep-2024. All quality benchmarks, MB book entries, and muster rolls found satisfactory. Upayogita Praman Patra niyamit hai."
MPLAD-MA-2022-1153,Shri Rajesh Patil,Pune (MH-34),Maharashtra,Pune,Public Sanitation Complex & Toilets,18.480002,73.832086,2022-07-19,2022-08-27,,Sanctioned,5858429.5,5291460.84,873352.55,4418108.29,Pioneer Civil Works,REG-RJ-77412,DEFGH4567J,2021-07-20,5189579.9,False,,"Karya 'Public Sanitation Complex & Toilets' at Gram Panchayat Pune successfully completed. Total expenditure Rs 873,352.55 verified against Sanction Order 2022/MPLAD/153. Site inspection conducted by Junior Engineer PWD on 22-Jun-2023. All quality benchmarks, MB book entries, and muster rolls found satisfactory. Upayogita Praman Patra niyamit hai."
MPLAD-RA-2023-1154,Smt. Meena Devi,Jaipur Rural (RJ-06),Rajasthan,Jaipur,Deep Borewell & Drinking Water Supply,26.848543,75.712672,2021-04-10,2021-05-26,2022-01-30,Completed,3572739.68,3408307.84,3469896.45,0.0,Shree Balaji Constructions,REG-BR-45210,BCDEF2345G,2017-03-18,3370145.63,True,https://mplad-portal.gov.in/photos/geo_proof_154.jpg,"Karya 'Deep Borewell & Drinking Water Supply' at Gram Panchayat Jaipur successfully completed. Total expenditure Rs 3,469,896.45 verified against Sanction Order 2021/MPLAD/154. Site inspection conducted by Junior Engineer PWD on 30-Jan-2022. All quality benchmarks, MB book entries, and muster rolls found satisfactory. Upayogita Praman Patra niyamit hai."
MPLAD-RA-2024-1155,Smt. Meena Devi,Jaipur Rural (RJ-06),Rajasthan,Jaipur,Model Digital Library & Smart Class,26.924796,75.830906,2022-10-19,2022-12-03,,Sanctioned,7399868.93,7045600.99,728445.05,6317155.94,Bharat Engineering Associates,REG-TN-66543,FGHIJ6789L,2020-01-06,6790252.18,False,,"Karya 'Model Digital Library & Smart Class' at Gram Panchayat Jaipur successfully completed. Total expenditure Rs 728,445.05 verified against Sanction Order 2022/MPLAD/155. Site inspection conducted by Junior Engineer PWD on 19-Apr-2023. All quality benchmarks, MB book entries, and muster rolls found satisfactory. Upayogita Praman Patra niyamit hai."
MPLAD-KA-2021-1156,Shri Tejasvi Surya,Bengaluru South (KA-26),Karnataka,Bengaluru Urban,Public Sanitation Complex & Toilets,12.970899,77.670166,2023-02-20,2023-05-13,,Ongoing,3357814.24,3122729.8,1166500.69,1956229.11,Trimurti Civil Developers,REG-WB-33219,IJKLM9012P,2019-08-13,3050583.54,False,,"Karya 'Public Sanitation Complex & Toilets' at Gram Panchayat Bengaluru Urban successfully completed. Total expenditure Rs 1,166,500.69 verified against Sanction Order 2023/MPLAD/156. Site inspection conducted by Junior Engineer PWD on 01-Oct-2023. All quality benchmarks, MB book entries, and muster rolls found satisfactory. Upayogita Praman Patra niyamit hai."
MPLAD-CH-2022-1157,Shri Sunil Soni,Raipur (CG-08),Chhattisgarh,Raipur,Deep Borewell & Drinking Water Supply,21.308607,81.572696,2023-08-07,2023-08-29,2024-03-19,Completed,3415555.07,3255021.19,3158980.09,96041.1,Sai Krupa Water Solutions,REG-MP-88321,EFGHI5678K,2021-11-22,3133770.94,True,https://mplad-portal.gov.in/photos/geo_proof_157.jpg,"Karya 'Deep Borewell & Drinking Water Supply' at Gram Panchayat Raipur successfully completed. Total expenditure Rs 3,158,980.09 verified against Sanction Order 2023/MPLAD/157. Site inspection conducted by Junior Engineer PWD on 19-Mar-2024. All quality benchmarks, MB book entries, and muster rolls found satisfactory. Upayogita Praman Patra niyamit hai."
MPLAD-UT-2023-1158,Shri Ravi Shankar,Varanasi (UP-77),Uttar Pradesh,Varanasi,Drainage Canal Paving,25.252394,83.009834,2022-01-26,2022-02-16,2022-06-24,Completed,4734786.12,4280032.43,3978127.34,301905.09,Bharat Engineering Associates,REG-TN-66543,FGHIJ6789L,2018-10-26,4238227.35,True,https://mplad-portal.gov.in/photos/geo_proof_158.jpg,"Karya 'Drainage Canal Paving' at Gram Panchayat Varanasi successfully completed. Total expenditure Rs 3,978,127.34 verified against Sanction Order 2022/MPLAD/158. Site inspection conducted by Junior Engineer PWD on 24-Jun-2022. All quality benchmarks, MB book entries, and muster rolls found satisfactory. Upayogita Praman Patra niyamit hai."
MPLAD-WE-2024-1159,Smt. Ananya Sen,Diamond Harbour (WB-21),West Bengal,South 24 Parganas,Deep Borewell & Drinking Water Supply,22.16351,88.255439,2022-03-10,2022-04-18,2022-12-23,Completed,7497004.05,7106350.82,6761956.55,344394.27,Bharat Engineering Associates,REG-TN-66543,FGHIJ6789L,2018-09-07,6965787.75,True,https://mplad-portal.gov.in/photos/geo_proof_159.jpg,"Karya 'Deep Borewell & Drinking Water Supply' at Gram Panchayat South 24 Parganas successfully completed. Total expenditure Rs 6,761,956.55 verified against Sanction Order 2022/MPLAD/159. Site inspection conducted by Junior Engineer PWD on 23-Dec-2022. All quality benchmarks, MB book entries, and muster rolls found satisfactory. Upayogita Praman Patra niyamit hai."
MPLAD-MA-2021-1160,Shri Rajesh Patil,Pune (MH-34),Maharashtra,Pune,Anganwadi & Nutritious Meal Center,18.501306,73.862084,2023-01-06,2023-03-01,2023-07-05,Completed,6679683.67,6322991.28,6477058.3,0.0,Sai Krupa Water Solutions,REG-MP-88321,EFGHI5678K,2018-08-09,6235232.45,True,https://mplad-portal.gov.in/photos/geo_proof_160.jpg,"Karya 'Anganwadi & Nutritious Meal Center' at Gram Panchayat Pune successfully completed. Total expenditure Rs 6,477,058.30 verified against Sanction Order 2023/MPLAD/160. Site inspection conducted by Junior Engineer PWD on 05-Jul-2023. All quality benchmarks, MB book entries, and muster rolls found satisfactory. Upayogita Praman Patra niyamit hai."
MPLAD-UT-2022-1161,Shri Ravi Shankar,Varanasi (UP-77),Uttar Pradesh,Varanasi,Deep Borewell & Drinking Water Supply,25.287668,82.901214,2022-03-30,2023-03-25,2023-03-29,Completed,7043307.75,6746885.16,6506171.81,240713.35,Bharat Engineering Associates,REG-TN-66543,FGHIJ6789L,2017-03-01,6460956.02,True,https://mplad-portal.gov.in/photos/geo_proof_161.jpg,"Work completed as per norms, funds utilized properly as sanctioned before fiscal year ending March 31."
MPLAD-TA-2023-1162,Shri D. Kathir Anand,Vellore (TN-08),Tamil Nadu,Salem,Deep Borewell & Drinking Water Supply,11.672403,78.216954,2022-11-23,2023-02-23,2023-02-28,Completed,7265557.87,7005228.9,6956412.66,48816.24,Om Shakti Roadways,REG-GJ-99120,HIJKL8901N,2018-02-15,6713893.21,False,,"Work completed as per norms, funds utilized properly as sanctioned before fiscal year ending March 31."
MPLAD-BI-2024-1163,Shri Arvind Singh,Patna Sahib (BR-30),Bihar,Patna,Solar High-Mast Street Lighting,25.601547,85.087048,2021-05-01,2023-03-25,2023-04-04,Completed,1020312.88,1001742.77,980361.83,21380.94,Durga Infratech Projects,REG-JH-77651,LMNOP2345S,2018-12-20,951975.38,False,,"Work completed as per norms, funds utilized properly as sanctioned before fiscal year ending March 31."
MPLAD-CH-2021-1164,Shri Sunil Soni,Raipur (CG-08),Chhattisgarh,Raipur,Deep Borewell & Drinking Water Supply,21.284547,81.551063,2023-11-02,2023-02-19,2023-02-24,Completed,4964100.14,4931289.29,4866251.54,65037.75,Shree Balaji Constructions,REG-BR-45210,BCDEF2345G,2017-01-18,4847280.92,False,,"Work completed as per norms, funds utilized properly as sanctioned before fiscal year ending March 31."
MPLAD-MA-2022-1165,Shri Rajesh Patil,Pune (MH-34),Maharashtra,Pune,Public Sanitation Complex & Toilets,18.443076,73.892251,2022-08-11,2023-03-24,2023-03-30,Completed,5218230.66,5117084.49,4929244.3,187840.19,Apex Infra Buildtech Pvt Ltd,REG-UP-98213,AABCA1234F,2020-09-16,4888610.87,False,,"Work completed as per norms, funds utilized properly as sanctioned before fiscal year ending March 31."
MPLAD-MA-2023-1166,Shri Rajesh Patil,Pune (MH-34),Maharashtra,Pune,Solar High-Mast Street Lighting,18.471109,73.860933,2022-12-27,2023-03-20,2023-03-29,Completed,3111361.08,2926554.76,2909519.9,17034.86,Pioneer Civil Works,REG-RJ-77412,DEFGH4567J,2021-04-06,2925125.58,True,https://mplad-portal.gov.in/photos/geo_proof_166.jpg,"Work completed as per norms, funds utilized properly as sanctioned before fiscal year ending March 31."
MPLAD-KA-2024-1167,Shri Tejasvi Surya,Bengaluru South (KA-26),Karnataka,Bengaluru Urban,Road Construction & Culverts,12.956445,77.574947,2023-09-02,2023-02-15,2023-02-18,Completed,1699685.03,1614676.71,1608220.23,6456.48,Shree Balaji Constructions,REG-BR-45210,BCDEF2345G,2021-10-12,1597268.58,True,https://mplad-portal.gov.in/photos/geo_proof_167.jpg,"Work completed as per norms, funds utilized properly as sanctioned before fiscal year ending March 31."
MPLAD-UT-2021-1168,Shri Ravi Shankar,Varanasi (UP-77),Uttar Pradesh,Varanasi,Community Hall & Cyclone Shelter,25.274363,83.038104,2023-09-01,2023-02-16,2023-02-26,Completed,5291001.2,4910246.48,4751804.52,158441.96,Apex Infra Buildtech Pvt Ltd,REG-UP-98213,AABCA1234F,2020-11-01,4826308.09,False,,"Work completed as per norms, funds utilized properly as sanctioned before fiscal year ending March 31."
MPLAD-UT-2022-1169,Shri Ravi Shankar,Varanasi (UP-77),Uttar Pradesh,Varanasi,Anganwadi & Nutritious Meal Center,25.391435,82.987826,2023-03-27,2023-02-15,2023-02-24,Completed,2183305.36,2147204.53,2113068.61,34135.92,Apex Infra Buildtech Pvt Ltd,REG-UP-98213,AABCA1234F,2020-11-04,2136095.51,True,https://mplad-portal.gov.in/photos/geo_proof_169.jpg,"Work completed as per norms, funds utilized properly as sanctioned before fiscal year ending March 31."
MPLAD-JH-2023-1170,Shri Sanjay Seth,Ranchi (JH-08),Jharkhand,Ranchi,School Classroom & Lab Building,23.383373,85.284938,2021-07-20,2023-03-19,2023-03-23,Completed,2884149.23,2817527.01,2810097.98,7429.03,Trimurti Civil Developers,REG-WB-33219,IJKLM9012P,2017-01-26,2732536.74,False,,"Work completed as per norms, funds utilized properly as sanctioned before fiscal year ending March 31."
MPLAD-UT-2024-1171,Shri Ramesh Kumar,Phoolpur (UP-52),Uttar Pradesh,Prayagraj,Community Health Center Expansion,25.434297,81.82323,2023-02-08,2023-02-24,2023-02-28,Completed,5124703.35,4656148.71,4472465.88,183682.83,Om Shakti Roadways,REG-GJ-99120,HIJKL8901N,2021-06-17,4609134.45,False,,"Work completed as per norms, funds utilized properly as sanctioned before fiscal year ending March 31."
MPLAD-UT-2021-1172,Smt. Priya Sharma,Allahabad (UP-53),Uttar Pradesh,Prayagraj,Community Health Center Expansion,25.4166,81.891722,2021-11-12,2023-03-29,2023-04-08,Completed,1140643.0,1134136.8,1094013.29,40123.51,National Highway Contractors,REG-MH-11209,CDEFG3456H,2020-01-25,1120603.51,True,https://mplad-portal.gov.in/photos/geo_proof_172.jpg,"Work completed as per norms, funds utilized properly as sanctioned before fiscal year ending March 31."
MPLAD-BI-2022-1173,Shri Arvind Singh,Patna Sahib (BR-30),Bihar,Patna,Public Sanitation Complex & Toilets,25.603218,85.139591,2021-07-31,2023-02-18,2023-02-25,Completed,1151449.82,1105166.58,1073371.51,31795.07,Om Shakti Roadways,REG-GJ-99120,HIJKL8901N,2016-05-30,1071195.85,True,https://mplad-portal.gov.in/photos/geo_proof_173.jpg,"Work completed as per norms, funds utilized properly as sanctioned before fiscal year ending March 31."
MPLAD-JH-2023-1174,Shri Sanjay Seth,Ranchi (JH-08),Jharkhand,Ranchi,School Classroom & Lab Building,23.408282,85.374433,2022-05-13,2023-03-27,2023-04-01,Completed,3165124.16,2892556.35,2825509.89,67046.46,Durga Infratech Projects,REG-JH-77651,LMNOP2345S,2016-09-01,2819247.97,False,,"Work completed as per norms, funds utilized properly as sanctioned before fiscal year ending March 31."
MPLAD-MA-2024-1175,Shri Suresh Patel,Indore (MP-26),Madhya Pradesh,Indore,Public Sanitation Complex & Toilets,22.717077,75.790007,2022-05-31,2023-02-24,2023-03-02,Completed,4656644.79,4282040.17,4276957.78,5082.39,Sai Krupa Water Solutions,REG-MP-88321,EFGHI5678K,2017-11-13,4133166.05,True,https://mplad-portal.gov.in/photos/geo_proof_175.jpg,"Work completed as per norms, funds utilized properly as sanctioned before fiscal year ending March 31."
MPLAD-CH-2021-1176,Shri Sunil Soni,Raipur (CG-08),Chhattisgarh,Raipur,Model Digital Library & Smart Class,21.300052,81.602327,2022-11-17,2023-03-21,2023-03-30,Completed,5057258.01,4852132.04,4692178.72,159953.32,Green Valley Infrastructure,REG-KA-55432,GHIJK7890M,2019-10-22,4755868.47,False,,"Work completed as per norms, funds utilized properly as sanctioned before fiscal year ending March 31."
MPLAD-WE-2022-1177,Smt. Ananya Sen,Diamond Harbour (WB-21),West Bengal,South 24 Parganas,Anganwadi & Nutritious Meal Center,22.269332,88.264996,2022-08-20,2023-02-15,2023-02-22,Completed,2781203.66,2581040.47,2576056.48,4983.99,National Highway Contractors,REG-MH-11209,CDEFG3456H,2019-07-29,2499094.44,False,,"Work completed as per norms, funds utilized properly as sanctioned before fiscal year ending March 31."
MPLAD-TA-2023-1178,Shri D. Kathir Anand,Vellore (TN-08),Tamil Nadu,Salem,Community Hall & Cyclone Shelter,11.693374,78.154016,2023-08-04,2023-02-24,2023-03-06,Completed,6318972.66,5730776.57,5704333.63,26442.94,National Highway Contractors,REG-MH-11209,CDEFG3456H,2017-03-03,5672049.18,False,,"Work completed as per norms, funds utilized properly as sanctioned before fiscal year ending March 31."
MPLAD-BI-2024-1179,Shri Arvind Singh,Patna Sahib (BR-30),Bihar,Patna,Community Health Center Expansion,25.554529,85.082263,2023-05-17,2023-03-29,2023-04-02,Completed,4685536.98,4489795.87,4312011.13,177784.74,Pioneer Civil Works,REG-RJ-77412,DEFGH4567J,2017-11-11,4472621.45,True,https://mplad-portal.gov.in/photos/geo_proof_179.jpg,"Work completed as per norms, funds utilized properly as sanctioned before fiscal year ending March 31."
MPLAD-MA-2021-1180,Shri Rajesh Patil,Pune (MH-34),Maharashtra,Pune,Road Construction & Culverts,18.552661,73.906668,2021-06-24,2023-02-28,2023-03-08,Completed,5152857.21,4723283.34,4713844.18,9439.16,Bharat Engineering Associates,REG-TN-66543,FGHIJ6789L,2016-03-06,4620131.62,True,https://mplad-portal.gov.in/photos/geo_proof_180.jpg,"Work completed as per norms, funds utilized properly as sanctioned before fiscal year ending March 31."
MPLAD-JH-2022-1181,Shri Sanjay Seth,Ranchi (JH-08),Jharkhand,Ranchi,Anganwadi & Nutritious Meal Center,23.281051,85.245377,2022-03-31,2023-03-21,2023-03-30,Completed,4563628.07,4369781.3,4315725.68,54055.62,Green Valley Infrastructure,REG-KA-55432,GHIJK7890M,2015-10-25,4236750.77,True,https://mplad-portal.gov.in/photos/geo_proof_181.jpg,"Work completed as per norms, funds utilized properly as sanctioned before fiscal year ending March 31."
MPLAD-BI-2023-1182,Shri Arvind Singh,Patna Sahib (BR-30),Bihar,Patna,Anganwadi & Nutritious Meal Center,25.591343,85.104869,2021-06-25,2023-03-17,2023-03-21,Completed,1491726.24,1389079.12,1363690.92,25388.2,Apex Infra Buildtech Pvt Ltd,REG-UP-98213,AABCA1234F,2015-03-31,1333992.92,False,,"Work completed as per norms, funds utilized properly as sanctioned before fiscal year ending March 31."
MPLAD-OD-2024-1183,Shri Pinaki Mishra,Puri (OD-17),Odisha,Puri,Drainage Canal Paving,19.803607,85.862682,2022-10-16,2023-02-20,2023-02-26,Completed,5475452.93,4940274.01,4833397.92,106876.09,Shree Balaji Constructions,REG-BR-45210,BCDEF2345G,2019-03-27,4720274.39,True,https://mplad-portal.gov.in/photos/geo_proof_183.jpg,"Work completed as per norms, funds utilized properly as sanctioned before fiscal year ending March 31."
MPLAD-MA-2021-1184,Shri Rajesh Patil,Pune (MH-34),Maharashtra,Pune,Solar High-Mast Street Lighting,18.466022,73.866276,2023-08-05,2023-03-16,2023-03-19,Completed,1791162.43,1726766.36,1674777.95,51988.41,Trimurti Civil Developers,REG-WB-33219,IJKLM9012P,2020-07-23,1642948.45,True,https://mplad-portal.gov.in/photos/geo_proof_184.jpg,"Work completed as per norms, funds utilized properly as sanctioned before fiscal year ending March 31."
MPLAD-WE-2022-1185,Smt. Ananya Sen,Diamond Harbour (WB-21),West Bengal,South 24 Parganas,Model Digital Library & Smart Class,22.177214,88.222758,2022-02-26,2023-03-24,2023-04-02,Completed,6072056.36,5815419.63,5735045.99,80373.64,Green Valley Infrastructure,REG-KA-55432,GHIJK7890M,2017-03-26,5680760.39,False,,"Work completed as per norms, funds utilized properly as sanctioned before fiscal year ending March 31."
MPLAD-OD-2023-1186,Shri Pinaki Mishra,Puri (OD-17),Odisha,Puri,Deep Borewell & Drinking Water Supply,19.751733,85.858512,2023-09-30,2023-02-23,2023-02-26,Completed,3220474.83,3024845.16,2972330.79,52514.37,Om Shakti Roadways,REG-GJ-99120,HIJKL8901N,2020-12-28,2926837.9,True,https://mplad-portal.gov.in/photos/geo_proof_186.jpg,"Work completed as per norms, funds utilized properly as sanctioned before fiscal year ending March 31."
MPLAD-CH-2024-1187,Shri Sunil Soni,Raipur (CG-08),Chhattisgarh,Raipur,Community Health Center Expansion,21.265827,81.657138,2022-10-04,2023-03-20,2023-03-30,Completed,1781311.63,1726703.12,1720284.53,6418.59,Eastern Shelter Builders,REG-OD-22104,JKLMN0123Q,2017-08-20,1676476.7,True,https://mplad-portal.gov.in/photos/geo_proof_187.jpg,"Work completed as per norms, funds utilized properly as sanctioned before fiscal year ending March 31."
MPLAD-UT-2021-1188,Shri Ramakant Yadav,Azamgarh (UP-69),Uttar Pradesh,Gorakhpur,Solar High-Mast Street Lighting,26.78228,83.404149,2021-12-21,2023-03-19,2023-03-23,Completed,1482075.75,1380491.32,1342355.77,38135.55,Om Shakti Roadways,REG-GJ-99120,HIJKL8901N,2021-01-16,1315167.25,True,https://mplad-portal.gov.in/photos/geo_proof_188.jpg,"Work completed as per norms, funds utilized properly as sanctioned before fiscal year ending March 31."
MPLAD-WE-2022-1189,Smt. Ananya Sen,Diamond Harbour (WB-21),West Bengal,South 24 Parganas,Solar High-Mast Street Lighting,22.245435,88.264213,2023-11-02,2023-03-19,2023-03-26,Completed,3409413.05,3354825.55,3235919.93,118905.62,Pioneer Civil Works,REG-RJ-77412,DEFGH4567J,2022-09-02,3200951.55,False,,"Work completed as per norms, funds utilized properly as sanctioned before fiscal year ending March 31."
MPLAD-JH-2023-1190,Shri Sanjay Seth,Ranchi (JH-08),Jharkhand,Ranchi,Deep Borewell & Drinking Water Supply,23.269331,85.265575,2022-08-15,2023-02-17,2023-02-27,Completed,5697627.76,5564257.44,5530846.87,33410.57,Sai Krupa Water Solutions,REG-MP-88321,EFGHI5678K,2017-09-08,5317541.32,True,https://mplad-portal.gov.in/photos/geo_proof_190.jpg,"Work completed as per norms, funds utilized properly as sanctioned before fiscal year ending March 31."
MPLAD-MA-2024-1191,Shri Rajesh Patil,Pune (MH-34),Maharashtra,Pune,Road Construction & Culverts,18.511019,73.811667,2023-05-21,2023-06-18,,Ongoing,5759418.46,5354939.65,3746985.51,1607954.14,Durga Infratech Projects,REG-JH-77651,LMNOP2345S,2018-08-28,5207607.15,False,,"Karya 'Road Construction & Culverts' at Gram Panchayat Pune successfully completed. Total expenditure Rs 3,746,985.51 verified against Sanction Order 2023/MPLAD/191. Site inspection conducted by Junior Engineer PWD on 21-Feb-2024. All quality benchmarks, MB book entries, and muster rolls found satisfactory. Upayogita Praman Patra niyamit hai."
MPLAD-CH-2021-1192,Shri Sunil Soni,Raipur (CG-08),Chhattisgarh,Raipur,School Classroom & Lab Building,21.309846,81.568382,2022-05-01,2022-06-11,,Ongoing,5323935.11,5249958.34,2856527.12,2393431.22,Om Shakti Roadways,REG-GJ-99120,HIJKL8901N,2019-12-13,5099853.38,False,,"Karya 'School Classroom & Lab Building' at Gram Panchayat Raipur successfully completed. Total expenditure Rs 2,856,527.12 verified against Sanction Order 2022/MPLAD/192. Site inspection conducted by Junior Engineer PWD on 05-Mar-2023. All quality benchmarks, MB book entries, and muster rolls found satisfactory. Upayogita Praman Patra niyamit hai."
MPLAD-JH-2022-1193,Shri Sanjay Seth,Ranchi (JH-08),Jharkhand,Ranchi,Deep Borewell & Drinking Water Supply,23.39297,85.320812,2023-12-27,2024-02-15,2024-09-14,Completed,2765575.31,2683729.15,2569974.79,113754.36,Pioneer Civil Works,REG-RJ-77412,DEFGH4567J,2022-02-05,2585416.51,True,https://mplad-portal.gov.in/photos/geo_proof_193.jpg,"Karya 'Deep Borewell & Drinking Water Supply' at Gram Panchayat Ranchi successfully completed. Total expenditure Rs 2,569,974.79 verified against Sanction Order 2023/MPLAD/193. Site inspection conducted by Junior Engineer PWD on 14-Sep-2024. All quality benchmarks, MB book entries, and muster rolls found satisfactory. Upayogita Praman Patra niyamit hai."
MPLAD-BI-2023-1194,Shri Arvind Singh,Patna Sahib (BR-30),Bihar,Patna,Public Sanitation Complex & Toilets,25.672898,85.196328,2021-09-17,2021-10-18,2022-02-18,Completed,2754676.98,2547402.62,2622964.28,0.0,Apex Infra Buildtech Pvt Ltd,REG-UP-98213,AABCA1234F,2017-11-17,2470050.84,True,https://mplad-portal.gov.in/photos/geo_proof_194.jpg,"Karya 'Public Sanitation Complex & Toilets' at Gram Panchayat Patna successfully completed. Total expenditure Rs 2,622,964.28 verified against Sanction Order 2021/MPLAD/194. Site inspection conducted by Junior Engineer PWD on 18-Feb-2022. All quality benchmarks, MB book entries, and muster rolls found satisfactory. Upayogita Praman Patra niyamit hai."
MPLAD-KA-2024-1195,Shri Tejasvi Surya,Bengaluru South (KA-26),Karnataka,Bengaluru Urban,Public Sanitation Complex & Toilets,12.963919,77.61598,2021-07-10,2021-09-14,,Ongoing,5362925.31,5297131.52,2552572.52,2744559.0,Green Valley Infrastructure,REG-KA-55432,GHIJK7890M,2020-09-03,5161536.73,False,,"Karya 'Public Sanitation Complex & Toilets' at Gram Panchayat Bengaluru Urban successfully completed. Total expenditure Rs 2,552,572.52 verified against Sanction Order 2021/MPLAD/195. Site inspection conducted by Junior Engineer PWD on 24-Mar-2022. All quality benchmarks, MB book entries, and muster rolls found satisfactory. Upayogita Praman Patra niyamit hai."
MPLAD-CH-2021-1196,Shri Sunil Soni,Raipur (CG-08),Chhattisgarh,Raipur,School Classroom & Lab Building,21.326944,81.651174,2023-01-04,2023-01-27,2023-10-17,Completed,2024809.55,1909323.14,1809161.37,100161.77,Durga Infratech Projects,REG-JH-77651,LMNOP2345S,2018-05-27,1839493.16,True,https://mplad-portal.gov.in/photos/geo_proof_196.jpg,"Karya 'School Classroom & Lab Building' at Gram Panchayat Raipur successfully completed. Total expenditure Rs 1,809,161.37 verified against Sanction Order 2023/MPLAD/196. Site inspection conducted by Junior Engineer PWD on 17-Oct-2023. All quality benchmarks, MB book entries, and muster rolls found satisfactory. Upayogita Praman Patra niyamit hai."
MPLAD-MA-2022-1197,Shri Rajesh Patil,Pune (MH-34),Maharashtra,Pune,Model Digital Library & Smart Class,18.530983,73.854354,2022-12-05,2022-12-26,2023-03-07,Completed,5987228.33,5663667.59,5302047.13,361620.46,National Highway Contractors,REG-MH-11209,CDEFG3456H,2022-02-06,5623356.89,True,https://mplad-portal.gov.in/photos/geo_proof_197.jpg,"Karya 'Model Digital Library & Smart Class' at Gram Panchayat Pune successfully completed. Total expenditure Rs 5,302,047.13 verified against Sanction Order 2022/MPLAD/197. Site inspection conducted by Junior Engineer PWD on 07-Mar-2023. All quality benchmarks, MB book entries, and muster rolls found satisfactory. Upayogita Praman Patra niyamit hai."
MPLAD-UT-2023-1198,Shri Ramakant Yadav,Azamgarh (UP-69),Uttar Pradesh,Gorakhpur,Deep Borewell & Drinking Water Supply,26.826105,83.434344,2022-09-11,2022-10-16,,Sanctioned,2418136.21,2334610.87,146140.38,2188470.49,Durga Infratech Projects,REG-JH-77651,LMNOP2345S,2020-01-08,2261285.85,False,,"Karya 'Deep Borewell & Drinking Water Supply' at Gram Panchayat Gorakhpur successfully completed. Total expenditure Rs 146,140.38 verified against Sanction Order 2022/MPLAD/198. Site inspection conducted by Junior Engineer PWD on 26-Jul-2023. All quality benchmarks, MB book entries, and muster rolls found satisfactory. Upayogita Praman Patra niyamit hai."
MPLAD-UT-2024-1199,Shri Ramesh Kumar,Phoolpur (UP-52),Uttar Pradesh,Prayagraj,Public Sanitation Complex & Toilets,25.404681,81.878211,2022-04-25,2022-07-03,2023-02-15,Completed,1166285.75,1074548.18,999471.68,75076.5,Surya Power & Solar Ltd,REG-DL-44321,KLMNO1234R,2016-07-03,1052717.63,True,https://mplad-portal.gov.in/photos/geo_proof_199.jpg,"Karya 'Public Sanitation Complex & Toilets' at Gram Panchayat Prayagraj successfully completed. Total expenditure Rs 999,471.68 verified against Sanction Order 2022/MPLAD/199. Site inspection conducted by Junior Engineer PWD on 15-Feb-2023. All quality benchmarks, MB book entries, and muster rolls found satisfactory. Upayogita Praman Patra niyamit hai."
MPLAD-UT-2021-1200,Shri Ramesh Kumar,Phoolpur (UP-52),Uttar Pradesh,Prayagraj,Road Construction & Culverts,25.410772,81.785595,2023-05-15,2023-06-15,2023-12-14,Completed,3181489.48,3095832.13,2889388.21,206443.92,Durga Infratech Projects,REG-JH-77651,LMNOP2345S,2021-01-04,2989544.7,True,https://mplad-portal.gov.in/photos/geo_proof_200.jpg,"Karya 'Road Construction & Culverts' at Gram Panchayat Prayagraj successfully completed. Total expenditure Rs 2,889,388.21 verified against Sanction Order 2023/MPLAD/200. Site inspection conducted by Junior Engineer PWD on 14-Dec-2023. All quality benchmarks, MB book entries, and muster rolls found satisfactory. Upayogita Praman Patra niyamit hai."
MPLAD-UT-2022-1201,Shri Ramakant Yadav,Azamgarh (UP-69),Uttar Pradesh,Gorakhpur,Solar High-Mast Street Lighting,26.83947,83.316056,2023-12-23,2024-03-19,2024-05-20,Completed,1648815.85,1541838.65,1461196.18,80642.47,Surya Power & Solar Ltd,REG-DL-44321,KLMNO1234R,2018-03-12,1522432.21,True,https://mplad-portal.gov.in/photos/geo_proof_201.jpg,"Karya 'Solar High-Mast Street Lighting' at Gram Panchayat Gorakhpur successfully completed. Total expenditure Rs 1,461,196.18 verified against Sanction Order 2023/MPLAD/201. Site inspection conducted by Junior Engineer PWD on 20-May-2024. All quality benchmarks, MB book entries, and muster rolls found satisfactory. Upayogita Praman Patra niyamit hai."
MPLAD-CH-2023-1202,Shri Sunil Soni,Raipur (CG-08),Chhattisgarh,Raipur,Deep Borewell & Drinking Water Supply,21.314855,81.572002,2021-09-10,2021-12-09,2022-08-12,Completed,7242740.97,6746253.73,6329186.32,417067.41,Shree Balaji Constructions,REG-BR-45210,BCDEF2345G,2017-09-04,6502365.75,False,,"Karya 'Deep Borewell & Drinking Water Supply' at Gram Panchayat Raipur successfully completed. Total expenditure Rs 6,329,186.32 verified against Sanction Order 2021/MPLAD/202. Site inspection conducted by Junior Engineer PWD on 12-Aug-2022. All quality benchmarks, MB book entries, and muster rolls found satisfactory. Upayogita Praman Patra niyamit hai."
MPLAD-JH-2024-1203,Shri Sanjay Seth,Ranchi (JH-08),Jharkhand,Ranchi,Road Construction & Culverts,23.404232,85.262471,2023-11-10,2023-12-19,2024-08-26,Completed,5023188.42,4914587.89,5028562.81,0.0,Surya Power & Solar Ltd,REG-DL-44321,KLMNO1234R,2020-05-02,4727671.63,True,https://mplad-portal.gov.in/photos/geo_proof_203.jpg,"Karya 'Road Construction & Culverts' at Gram Panchayat Ranchi successfully completed. Total expenditure Rs 5,028,562.81 verified against Sanction Order 2023/MPLAD/203. Site inspection conducted by Junior Engineer PWD on 26-Aug-2024. All quality benchmarks, MB book entries, and muster rolls found satisfactory. Upayogita Praman Patra niyamit hai."
MPLAD-WE-2021-1204,Smt. Ananya Sen,Diamond Harbour (WB-21),West Bengal,South 24 Parganas,Model Digital Library & Smart Class,22.199526,88.266432,2023-01-10,2023-03-06,2023-06-07,Completed,6372813.12,6003740.27,5949864.56,53875.71,Shree Balaji Constructions,REG-BR-45210,BCDEF2345G,2021-05-22,5755416.66,True,https://mplad-portal.gov.in/photos/geo_proof_204.jpg,"Karya 'Model Digital Library & Smart Class' at Gram Panchayat South 24 Parganas successfully completed. Total expenditure Rs 5,949,864.56 verified against Sanction Order 2023/MPLAD/204. Site inspection conducted by Junior Engineer PWD on 07-Jun-2023. All quality benchmarks, MB book entries, and muster rolls found satisfactory. Upayogita Praman Patra niyamit hai."
MPLAD-UT-2022-1205,Shri Ramesh Kumar,Phoolpur (UP-52),Uttar Pradesh,Prayagraj,Model Digital Library & Smart Class,25.358007,81.800819,2021-05-04,2021-07-08,2022-01-13,Completed,5488403.53,5360584.1,5226916.76,133667.34,Shree Balaji Constructions,REG-BR-45210,BCDEF2345G,2018-10-22,5200376.99,True,https://mplad-portal.gov.in/photos/geo_proof_205.jpg,"Karya 'Model Digital Library & Smart Class' at Gram Panchayat Prayagraj successfully completed. Total expenditure Rs 5,226,916.76 verified against Sanction Order 2021/MPLAD/205. Site inspection conducted by Junior Engineer PWD on 13-Jan-2022. All quality benchmarks, MB book entries, and muster rolls found satisfactory. Upayogita Praman Patra niyamit hai."
MPLAD-MA-2023-1206,Shri Suresh Patel,Indore (MP-26),Madhya Pradesh,Indore,School Classroom & Lab Building,22.652243,75.925048,2021-11-15,2022-02-06,2022-06-29,Completed,4940059.73,4858314.82,4899791.41,0.0,Sai Krupa Water Solutions,REG-MP-88321,EFGHI5678K,2018-05-18,4631459.47,True,https://mplad-portal.gov.in/photos/geo_proof_206.jpg,"Karya 'School Classroom & Lab Building' at Gram Panchayat Indore successfully completed. Total expenditure Rs 4,899,791.41 verified against Sanction Order 2021/MPLAD/206. Site inspection conducted by Junior Engineer PWD on 29-Jun-2022. All quality benchmarks, MB book entries, and muster rolls found satisfactory. Upayogita Praman Patra niyamit hai."
MPLAD-UT-2024-1207,Shri Ramesh Kumar,Phoolpur (UP-52),Uttar Pradesh,Prayagraj,Deep Borewell & Drinking Water Supply,25.50374,81.784858,2021-04-23,2021-06-16,,Ongoing,5684607.26,5184045.19,3023129.05,2160916.14,Shree Balaji Constructions,REG-BR-45210,BCDEF2345G,2018-08-26,5106673.21,False,,"Karya 'Deep Borewell & Drinking Water Supply' at Gram Panchayat Prayagraj successfully completed. Total expenditure Rs 3,023,129.05 verified against Sanction Order 2021/MPLAD/207. Site inspection conducted by Junior Engineer PWD on 01-Feb-2022. All quality benchmarks, MB book entries, and muster rolls found satisfactory. Upayogita Praman Patra niyamit hai."
MPLAD-WE-2021-1208,Smt. Ananya Sen,Diamond Harbour (WB-21),West Bengal,South 24 Parganas,Anganwadi & Nutritious Meal Center,22.197756,88.241601,2022-06-15,2022-07-21,2022-12-23,Completed,5967867.86,5531476.17,5726371.75,0.0,Trimurti Civil Developers,REG-WB-33219,IJKLM9012P,2016-10-26,5468259.77,False,,"Karya 'Anganwadi & Nutritious Meal Center' at Gram Panchayat South 24 Parganas successfully completed. Total expenditure Rs 5,726,371.75 verified against Sanction Order 2022/MPLAD/208. Site inspection conducted by Junior Engineer PWD on 23-Dec-2022. All quality benchmarks, MB book entries, and muster rolls found satisfactory. Upayogita Praman Patra niyamit hai."
MPLAD-MA-2022-1209,Shri Suresh Patel,Indore (MP-26),Madhya Pradesh,Indore,Community Hall & Cyclone Shelter,22.681672,75.933708,2021-06-07,2021-08-24,2022-02-16,Completed,888073.78,875583.89,824532.6,51051.29,Shree Balaji Constructions,REG-BR-45210,BCDEF2345G,2019-04-27,838691.6,True,https://mplad-portal.gov.in/photos/geo_proof_209.jpg,"Karya 'Community Hall & Cyclone Shelter' at Gram Panchayat Indore successfully completed. Total expenditure Rs 824,532.60 verified against Sanction Order 2021/MPLAD/209. Site inspection conducted by Junior Engineer PWD on 16-Feb-2022. All quality benchmarks, MB book entries, and muster rolls found satisfactory. Upayogita Praman Patra niyamit hai."
MPLAD-RA-2023-1210,Smt. Meena Devi,Jaipur Rural (RJ-06),Rajasthan,Jaipur,Community Hall & Cyclone Shelter,26.839446,75.845369,2022-05-16,2022-06-05,2022-12-02,Completed,6941585.82,6371654.51,6657388.04,0.0,Apex Infra Buildtech Pvt Ltd,REG-UP-98213,AABCA1234F,2016-11-06,6064338.01,True,https://mplad-portal.gov.in/photos/geo_proof_210.jpg,"Karya 'Community Hall & Cyclone Shelter' at Gram Panchayat Jaipur successfully completed. Total expenditure Rs 6,657,388.04 verified against Sanction Order 2022/MPLAD/210. Site inspection conducted by Junior Engineer PWD on 02-Dec-2022. All quality benchmarks, MB book entries, and muster rolls found satisfactory. Upayogita Praman Patra niyamit hai."
MPLAD-RA-2024-1211,Smt. Meena Devi,Jaipur Rural (RJ-06),Rajasthan,Jaipur,Anganwadi & Nutritious Meal Center,26.899001,75.822546,2022-07-10,2022-08-03,2023-02-25,Completed,4014286.6,3974922.91,3974922.91,225319.44,Pioneer Civil Works,REG-RJ-77412,DEFGH4567J,2017-03-16,3936035.85,False,,"Work completed as per norms, funds utilized properly as sanctioned. Photo proof awaiting portal upload."
MPLAD-UT-2021-1212,Smt. Priya Sharma,Allahabad (UP-53),Uttar Pradesh,Prayagraj,Drainage Canal Paving,25.479564,81.816012,2021-06-26,2021-09-19,2022-03-14,Completed,1904698.07,1821616.42,1821616.42,73760.51,Sai Krupa Water Solutions,REG-MP-88321,EFGHI5678K,2015-02-18,1787253.22,False,,"Work completed as per norms, funds utilized properly as sanctioned. Photo proof awaiting portal upload."
MPLAD-JH-2022-1213,Shri Sanjay Seth,Ranchi (JH-08),Jharkhand,Ranchi,Deep Borewell & Drinking Water Supply,23.408171,85.351277,2022-05-18,2022-06-21,,Completed,667371.79,636775.81,636775.81,535537.72,Durga Infratech Projects,REG-JH-77651,LMNOP2345S,2021-06-13,627015.97,False,,"Work completed as per norms, funds utilized properly as sanctioned. Photo proof awaiting portal upload."
MPLAD-OD-2023-1214,Shri Pinaki Mishra,Puri (OD-17),Odisha,Puri,Road Construction & Culverts,19.793704,85.869293,2022-09-22,2022-10-20,2023-02-09,Completed,2167173.16,2057087.02,2057087.02,148549.74,Surya Power & Solar Ltd,REG-DL-44321,KLMNO1234R,2020-11-10,2056774.27,False,,"Work completed as per norms, funds utilized properly as sanctioned. Photo proof awaiting portal upload."
MPLAD-UT-2024-1215,Shri Ramesh Kumar,Phoolpur (UP-52),Uttar Pradesh,Prayagraj,Deep Borewell & Drinking Water Supply,25.421889,81.909592,2023-07-28,2023-08-22,2024-03-17,Completed,1434596.95,1408768.88,1408768.88,98997.06,Trimurti Civil Developers,REG-WB-33219,IJKLM9012P,2021-04-14,1378326.84,False,,"Work completed as per norms, funds utilized properly as sanctioned. Photo proof awaiting portal upload."
MPLAD-RA-2021-1216,Smt. Meena Devi,Jaipur Rural (RJ-06),Rajasthan,Jaipur,Community Health Center Expansion,26.968546,75.855467,2023-03-16,2023-05-11,2023-09-29,Completed,2135278.59,2123225.94,2123225.94,132288.57,Sai Krupa Water Solutions,REG-MP-88321,EFGHI5678K,2021-03-14,2098824.41,False,,"Work completed as per norms, funds utilized properly as sanctioned. Photo proof awaiting portal upload."
MPLAD-BI-2022-1217,Shri Arvind Singh,Patna Sahib (BR-30),Bihar,Patna,Drainage Canal Paving,25.564345,85.076918,2023-01-04,2023-02-14,2023-08-08,Completed,2355055.49,2147790.25,2147790.25,127815.0,Om Shakti Roadways,REG-GJ-99120,HIJKL8901N,2021-09-26,2114075.83,False,,"Work completed as per norms, funds utilized properly as sanctioned. Photo proof awaiting portal upload."
MPLAD-RA-2023-1218,Smt. Meena Devi,Jaipur Rural (RJ-06),Rajasthan,Jaipur,Anganwadi & Nutritious Meal Center,26.846994,75.747015,2022-12-30,2023-03-05,2023-09-12,Completed,2591884.98,2545254.28,2545254.28,146090.46,National Highway Contractors,REG-MH-11209,CDEFG3456H,2019-05-17,2539157.96,False,,"Work completed as per norms, funds utilized properly as sanctioned. Photo proof awaiting portal upload."
MPLAD-UT-2024-1219,Smt. Priya Sharma,Allahabad (UP-53),Uttar Pradesh,Prayagraj,Drainage Canal Paving,25.484423,81.788667,2021-01-25,2021-02-16,,Ongoing,2056016.93,1891151.72,870369.91,1020781.81,Shree Balaji Constructions,REG-BR-45210,BCDEF2345G,2019-04-22,1861487.61,False,,"Karya 'Drainage Canal Paving' at Gram Panchayat Prayagraj successfully completed. Total expenditure Rs 870,369.91 verified against Sanction Order 2021/MPLAD/219. Site inspection conducted by Junior Engineer PWD on 15-Nov-2021. All quality benchmarks, MB book entries, and muster rolls found satisfactory. Upayogita Praman Patra niyamit hai."
MPLAD-TA-2021-1220,Shri D. Kathir Anand,Vellore (TN-08),Tamil Nadu,Salem,Model Digital Library & Smart Class,11.731089,78.077998,2021-05-13,2021-06-22,2022-04-09,Completed,6165090.66,5605287.26,5774263.17,0.0,Sai Krupa Water Solutions,REG-MP-88321,EFGHI5678K,2015-05-17,5551725.16,True,https://mplad-portal.gov.in/photos/geo_proof_220.jpg,"Karya 'Model Digital Library & Smart Class' at Gram Panchayat Salem successfully completed. Total expenditure Rs 5,774,263.17 verified against Sanction Order 2021/MPLAD/220. Site inspection conducted by Junior Engineer PWD on 09-Apr-2022. All quality benchmarks, MB book entries, and muster rolls found satisfactory. Upayogita Praman Patra niyamit hai."
MPLAD-UT-2022-1221,Shri Ramesh Kumar,Phoolpur (UP-52),Uttar Pradesh,Prayagraj,Solar High-Mast Street Lighting,25.425105,81.882209,2023-10-14,2023-11-01,,Ongoing,1709650.48,1575394.38,590553.04,984841.34,Eastern Shelter Builders,REG-OD-22104,JKLMN0123Q,2021-04-19,1518668.73,False,,"Karya 'Solar High-Mast Street Lighting' at Gram Panchayat Prayagraj successfully completed. Total expenditure Rs 590,553.04 verified against Sanction Order 2023/MPLAD/221. Site inspection conducted by Junior Engineer PWD on 06-Apr-2024. All quality benchmarks, MB book entries, and muster rolls found satisfactory. Upayogita Praman Patra niyamit hai."
MPLAD-UT-2023-1222,Shri Ramesh Kumar,Phoolpur (UP-52),Uttar Pradesh,Prayagraj,Model Digital Library & Smart Class,25.454516,81.869865,2023-10-19,2023-12-25,2024-10-05,Completed,926853.48,860099.27,806636.09,53463.18,Eastern Shelter Builders,REG-OD-22104,JKLMN0123Q,2017-01-30,825671.98,True,https://mplad-portal.gov.in/photos/geo_proof_222.jpg,"Karya 'Model Digital Library & Smart Class' at Gram Panchayat Prayagraj successfully completed. Total expenditure Rs 806,636.09 verified against Sanction Order 2023/MPLAD/222. Site inspection conducted by Junior Engineer PWD on 05-Oct-2024. All quality benchmarks, MB book entries, and muster rolls found satisfactory. Upayogita Praman Patra niyamit hai."
MPLAD-RA-2024-1223,Smt. Meena Devi,Jaipur Rural (RJ-06),Rajasthan,Jaipur,Community Hall & Cyclone Shelter,26.990705,75.832407,2023-01-06,2023-03-23,,Ongoing,2908238.84,2781919.81,1192447.02,1589472.79,Apex Infra Buildtech Pvt Ltd,REG-UP-98213,AABCA1234F,2021-11-26,2680440.34,False,,"Karya 'Community Hall & Cyclone Shelter' at Gram Panchayat Jaipur successfully completed. Total expenditure Rs 1,192,447.02 verified against Sanction Order 2023/MPLAD/223. Site inspection conducted by Junior Engineer PWD on 08-Oct-2023. All quality benchmarks, MB book entries, and muster rolls found satisfactory. Upayogita Praman Patra niyamit hai."
MPLAD-OD-2021-1224,Shri Pinaki Mishra,Puri (OD-17),Odisha,Puri,Model Digital Library & Smart Class,19.738189,85.88091,2022-07-30,2022-08-21,,Stalled,4206026.04,4107959.25,1026584.92,3081374.33,Pioneer Civil Works,REG-RJ-77412,DEFGH4567J,2020-08-19,4102614.77,False,,"Karya 'Model Digital Library & Smart Class' at Gram Panchayat Puri successfully completed. Total expenditure Rs 1,026,584.92 verified against Sanction Order 2022/MPLAD/224. Site inspection conducted by Junior Engineer PWD on 15-May-2023. All quality benchmarks, MB book entries, and muster rolls found satisfactory. Upayogita Praman Patra niyamit hai."
MPLAD-RA-2022-1225,Smt. Meena Devi,Jaipur Rural (RJ-06),Rajasthan,Jaipur,Deep Borewell & Drinking Water Supply,26.91779,75.833898,2021-04-25,2021-06-07,,Ongoing,6081734.81,5689344.1,3616652.9,2072691.2,Sai Krupa Water Solutions,REG-MP-88321,EFGHI5678K,2018-07-09,5645314.52,False,,"Karya 'Deep Borewell & Drinking Water Supply' at Gram Panchayat Jaipur successfully completed. Total expenditure Rs 3,616,652.90 verified against Sanction Order 2021/MPLAD/225. Site inspection conducted by Junior Engineer PWD on 31-Dec-2021. All quality benchmarks, MB book entries, and muster rolls found satisfactory. Upayogita Praman Patra niyamit hai."
MPLAD-RA-2023-1226,Smt. Meena Devi,Jaipur Rural (RJ-06),Rajasthan,Jaipur,Model Digital Library & Smart Class,26.961394,75.81892,2021-02-27,2021-04-28,2021-11-19,Completed,4441762.24,4081194.93,4278891.31,0.0,Bharat Engineering Associates,REG-TN-66543,FGHIJ6789L,2016-11-15,4057039.64,True,https://mplad-portal.gov.in/photos/geo_proof_226.jpg,"Karya 'Model Digital Library & Smart Class' at Gram Panchayat Jaipur successfully completed. Total expenditure Rs 4,278,891.31 verified against Sanction Order 2021/MPLAD/226. Site inspection conducted by Junior Engineer PWD on 19-Nov-2021. All quality benchmarks, MB book entries, and muster rolls found satisfactory. Upayogita Praman Patra niyamit hai."
MPLAD-BI-2024-1227,Shri Arvind Singh,Patna Sahib (BR-30),Bihar,Patna,Drainage Canal Paving,25.528541,85.09482,2022-03-25,2022-04-11,2022-10-22,Completed,2822137.96,2713241.47,2780632.7,0.0,Apex Infra Buildtech Pvt Ltd,REG-UP-98213,AABCA1234F,2017-10-12,2623807.48,True,https://mplad-portal.gov.in/photos/geo_proof_227.jpg,"Karya 'Drainage Canal Paving' at Gram Panchayat Patna successfully completed. Total expenditure Rs 2,780,632.70 verified against Sanction Order 2022/MPLAD/227. Site inspection conducted by Junior Engineer PWD on 22-Oct-2022. All quality benchmarks, MB book entries, and muster rolls found satisfactory. Upayogita Praman Patra niyamit hai."
MPLAD-UT-2021-1228,Shri Ramesh Kumar,Phoolpur (UP-52),Uttar Pradesh,Prayagraj,Road Construction & Culverts,25.449657,81.913056,2021-08-16,2021-11-06,2022-08-13,Completed,1007721.24,977946.91,983891.01,0.0,National Highway Contractors,REG-MH-11209,CDEFG3456H,2017-03-09,957704.22,True,https://mplad-portal.gov.in/photos/geo_proof_228.jpg,"Karya 'Road Construction & Culverts' at Gram Panchayat Prayagraj successfully completed. Total expenditure Rs 983,891.01 verified against Sanction Order 2021/MPLAD/228. Site inspection conducted by Junior Engineer PWD on 13-Aug-2022. All quality benchmarks, MB book entries, and muster rolls found satisfactory. Upayogita Praman Patra niyamit hai."
MPLAD-BI-2022-1229,Shri Arvind Singh,Patna Sahib (BR-30),Bihar,Patna,Solar High-Mast Street Lighting,25.665891,85.184295,2023-09-25,2023-11-19,,Ongoing,4433841.17,4384891.66,2391886.46,1993005.2,Durga Infratech Projects,REG-JH-77651,LMNOP2345S,2020-12-11,4243879.15,False,,"Karya 'Solar High-Mast Street Lighting' at Gram Panchayat Patna successfully completed. Total expenditure Rs 2,391,886.46 verified against Sanction Order 2023/MPLAD/229. Site inspection conducted by Junior Engineer PWD on 02-Mar-2024. All quality benchmarks, MB book entries, and muster rolls found satisfactory. Upayogita Praman Patra niyamit hai."
MPLAD-UT-2023-1230,Shri Ramakant Yadav,Azamgarh (UP-69),Uttar Pradesh,Gorakhpur,Community Health Center Expansion,26.79076,83.313576,2021-01-04,2021-04-02,,Sanctioned,5895812.75,5640808.68,256772.09,5384036.59,Durga Infratech Projects,REG-JH-77651,LMNOP2345S,2017-09-18,5448518.28,False,,"Karya 'Community Health Center Expansion' at Gram Panchayat Gorakhpur successfully completed. Total expenditure Rs 256,772.09 verified against Sanction Order 2021/MPLAD/230. Site inspection conducted by Junior Engineer PWD on 09-Sep-2021. All quality benchmarks, MB book entries, and muster rolls found satisfactory. Upayogita Praman Patra niyamit hai."
MPLAD-KA-2024-1231,Shri Tejasvi Surya,Bengaluru South (KA-26),Karnataka,Bengaluru Urban,Model Digital Library & Smart Class,13.04147,77.537103,2021-06-09,2021-07-24,,Stalled,1675211.92,1656000.63,36732.58,1619268.05,Shree Balaji Constructions,REG-BR-45210,BCDEF2345G,2016-11-07,1631902.99,False,,"Karya 'Model Digital Library & Smart Class' at Gram Panchayat Bengaluru Urban successfully completed. Total expenditure Rs 36,732.58 verified against Sanction Order 2021/MPLAD/231. Site inspection conducted by Junior Engineer PWD on 19-Dec-2021. All quality benchmarks, MB book entries, and muster rolls found satisfactory. Upayogita Praman Patra niyamit hai."
MPLAD-WE-2021-1232,Smt. Ananya Sen,Diamond Harbour (WB-21),West Bengal,South 24 Parganas,Road Construction & Culverts,22.148549,88.220908,2022-12-19,2023-02-04,2023-10-23,Completed,508968.1,477714.26,484992.71,0.0,Sai Krupa Water Solutions,REG-MP-88321,EFGHI5678K,2016-08-13,476976.24,True,https://mplad-portal.gov.in/photos/geo_proof_232.jpg,"Karya 'Road Construction & Culverts' at Gram Panchayat South 24 Parganas successfully completed. Total expenditure Rs 484,992.71 verified against Sanction Order 2022/MPLAD/232. Site inspection conducted by Junior Engineer PWD on 23-Oct-2023. All quality benchmarks, MB book entries, and muster rolls found satisfactory. Upayogita Praman Patra niyamit hai."
MPLAD-UT-2022-1233,Shri Ravi Shankar,Varanasi (UP-77),Uttar Pradesh,Varanasi,Public Sanitation Complex & Toilets,25.324964,82.910129,2023-09-09,2023-12-06,,Ongoing,2079079.09,1964997.4,1217665.32,747332.08,Bharat Engineering Associates,REG-TN-66543,FGHIJ6789L,2022-08-23,1870030.33,False,,"Karya 'Public Sanitation Complex & Toilets' at Gram Panchayat Varanasi successfully completed. Total expenditure Rs 1,217,665.32 verified against Sanction Order 2023/MPLAD/233. Site inspection conducted by Junior Engineer PWD on 19-Jul-2024. All quality benchmarks, MB book entries, and muster rolls found satisfactory. Upayogita Praman Patra niyamit hai."
MPLAD-OD-2023-1234,Shri Pinaki Mishra,Puri (OD-17),Odisha,Puri,Community Health Center Expansion,19.745372,85.778417,2023-02-08,2023-03-15,2023-11-17,Completed,7092839.0,7077264.21,6822012.6,255251.61,Shree Balaji Constructions,REG-BR-45210,BCDEF2345G,2021-12-09,7072053.96,True,https://mplad-portal.gov.in/photos/geo_proof_234.jpg,"Karya 'Community Health Center Expansion' at Gram Panchayat Puri successfully completed. Total expenditure Rs 6,822,012.60 verified against Sanction Order 2023/MPLAD/234. Site inspection conducted by Junior Engineer PWD on 17-Nov-2023. All quality benchmarks, MB book entries, and muster rolls found satisfactory. Upayogita Praman Patra niyamit hai."
MPLAD-UT-2024-1235,Shri Ramakant Yadav,Azamgarh (UP-69),Uttar Pradesh,Gorakhpur,Solar High-Mast Street Lighting,26.822961,83.318337,2021-07-27,2021-09-22,,Stalled,3364959.06,3214919.72,743911.2,2471008.52,Eastern Shelter Builders,REG-OD-22104,JKLMN0123Q,2017-08-04,3140996.73,False,,"Karya 'Solar High-Mast Street Lighting' at Gram Panchayat Gorakhpur successfully completed. Total expenditure Rs 743,911.20 verified against Sanction Order 2021/MPLAD/235. Site inspection conducted by Junior Engineer PWD on 12-Jan-2022. All quality benchmarks, MB book entries, and muster rolls found satisfactory. Upayogita Praman Patra niyamit hai."
MPLAD-MA-2021-1236,Shri Suresh Patel,Indore (MP-26),Madhya Pradesh,Indore,Deep Borewell & Drinking Water Supply,22.647542,75.869183,2023-10-03,2023-11-06,2024-01-18,Completed,3493241.7,3246810.77,3266494.98,0.0,Shree Balaji Constructions,REG-BR-45210,BCDEF2345G,2022-08-24,3181909.54,True,https://mplad-portal.gov.in/photos/geo_proof_236.jpg,"Karya 'Deep Borewell & Drinking Water Supply' at Gram Panchayat Indore successfully completed. Total expenditure Rs 3,266,494.98 verified against Sanction Order 2023/MPLAD/236. Site inspection conducted by Junior Engineer PWD on 18-Jan-2024. All quality benchmarks, MB book entries, and muster rolls found satisfactory. Upayogita Praman Patra niyamit hai."
MPLAD-RA-2022-1237,Smt. Meena Devi,Jaipur Rural (RJ-06),Rajasthan,Jaipur,Solar High-Mast Street Lighting,26.87909,75.72041,2021-08-25,2021-10-18,2022-07-05,Completed,3923677.68,3790680.72,3532337.47,258343.25,Surya Power & Solar Ltd,REG-DL-44321,KLMNO1234R,2016-07-20,3704277.09,True,https://mplad-portal.gov.in/photos/geo_proof_237.jpg,"Karya 'Solar High-Mast Street Lighting' at Gram Panchayat Jaipur successfully completed. Total expenditure Rs 3,532,337.47 verified against Sanction Order 2021/MPLAD/237. Site inspection conducted by Junior Engineer PWD on 05-Jul-2022. All quality benchmarks, MB book entries, and muster rolls found satisfactory. Upayogita Praman Patra niyamit hai."
MPLAD-OD-2023-1238,Shri Pinaki Mishra,Puri (OD-17),Odisha,Puri,Solar High-Mast Street Lighting,19.740639,85.821558,2022-06-24,2022-08-06,2023-05-07,Completed,931475.59,908396.9,914547.56,0.0,Om Shakti Roadways,REG-GJ-99120,HIJKL8901N,2017-01-06,866869.87,True,https://mplad-portal.gov.in/photos/geo_proof_238.jpg,"Karya 'Solar High-Mast Street Lighting' at Gram Panchayat Puri successfully completed. Total expenditure Rs 914,547.56 verified against Sanction Order 2022/MPLAD/238. Site inspection conducted by Junior Engineer PWD on 07-May-2023. All quality benchmarks, MB book entries, and muster rolls found satisfactory. Upayogita Praman Patra niyamit hai."
MPLAD-JH-2024-1239,Shri Sanjay Seth,Ranchi (JH-08),Jharkhand,Ranchi,Model Digital Library & Smart Class,23.352676,85.364128,2023-12-07,2024-02-13,,Ongoing,7054530.05,6753100.06,2662455.67,4090644.39,Pioneer Civil Works,REG-RJ-77412,DEFGH4567J,2018-09-07,6516353.97,False,,"Karya 'Model Digital Library & Smart Class' at Gram Panchayat Ranchi successfully completed. Total expenditure Rs 2,662,455.67 verified against Sanction Order 2023/MPLAD/239. Site inspection conducted by Junior Engineer PWD on 28-Aug-2024. All quality benchmarks, MB book entries, and muster rolls found satisfactory. Upayogita Praman Patra niyamit hai."
MPLAD-UT-2021-1240,Shri Ravi Shankar,Varanasi (UP-77),Uttar Pradesh,Varanasi,Road Construction & Culverts,25.328995,82.976591,2021-10-29,2021-11-28,2022-08-08,Completed,7143430.38,6548500.34,6205003.47,343496.87,Trimurti Civil Developers,REG-WB-33219,IJKLM9012P,2020-02-17,6284178.66,False,,"Karya 'Road Construction & Culverts' at Gram Panchayat Varanasi successfully completed. Total expenditure Rs 6,205,003.47 verified against Sanction Order 2021/MPLAD/240. Site inspection conducted by Junior Engineer PWD on 08-Aug-2022. All quality benchmarks, MB book entries, and muster rolls found satisfactory. Upayogita Praman Patra niyamit hai."
MPLAD-KA-2022-1241,Shri Tejasvi Surya,Bengaluru South (KA-26),Karnataka,Bengaluru Urban,Public Sanitation Complex & Toilets,13.051163,77.614956,2022-06-13,2022-08-07,,Ongoing,6151405.69,5589799.23,2920925.45,2668873.78,Pioneer Civil Works,REG-RJ-77412,DEFGH4567J,2018-07-13,5464602.87,False,,"Karya 'Public Sanitation Complex & Toilets' at Gram Panchayat Bengaluru Urban successfully completed. Total expenditure Rs 2,920,925.45 verified against Sanction Order 2022/MPLAD/241. Site inspection conducted by Junior Engineer PWD on 27-May-2023. All quality benchmarks, MB book entries, and muster rolls found satisfactory. Upayogita Praman Patra niyamit hai."
MPLAD-MA-2023-1242,Shri Rajesh Patil,Pune (MH-34),Maharashtra,Pune,Drainage Canal Paving,18.566248,73.876389,2023-12-07,2024-02-13,2024-05-11,Completed,1537398.19,1474047.26,1501448.41,0.0,Apex Infra Buildtech Pvt Ltd,REG-UP-98213,AABCA1234F,2021-12-24,1469599.32,True,https://mplad-portal.gov.in/photos/geo_proof_242.jpg,"Karya 'Drainage Canal Paving' at Gram Panchayat Pune successfully completed. Total expenditure Rs 1,501,448.41 verified against Sanction Order 2023/MPLAD/242. Site inspection conducted by Junior Engineer PWD on 11-May-2024. All quality benchmarks, MB book entries, and muster rolls found satisfactory. Upayogita Praman Patra niyamit hai."
MPLAD-JH-2024-1243,Shri Sanjay Seth,Ranchi (JH-08),Jharkhand,Ranchi,Community Health Center Expansion,23.404922,85.370063,2022-06-25,2022-08-28,2023-04-12,Completed,4762735.06,4304305.46,4114071.68,190233.78,Trimurti Civil Developers,REG-WB-33219,IJKLM9012P,2017-02-26,4120049.48,True,https://mplad-portal.gov.in/photos/geo_proof_243.jpg,"Karya 'Community Health Center Expansion' at Gram Panchayat Ranchi successfully completed. Total expenditure Rs 4,114,071.68 verified against Sanction Order 2022/MPLAD/243. Site inspection conducted by Junior Engineer PWD on 12-Apr-2023. All quality benchmarks, MB book entries, and muster rolls found satisfactory. Upayogita Praman Patra niyamit hai."
MPLAD-UT-2021-1244,Shri Ramesh Kumar,Phoolpur (UP-52),Uttar Pradesh,Prayagraj,Public Sanitation Complex & Toilets,25.466282,81.774187,2023-09-01,2023-10-20,2024-08-04,Completed,2865062.57,2805942.59,2694892.95,111049.64,Bharat Engineering Associates,REG-TN-66543,FGHIJ6789L,2021-09-29,2783894.41,True,https://mplad-portal.gov.in/photos/geo_proof_244.jpg,"Karya 'Public Sanitation Complex & Toilets' at Gram Panchayat Prayagraj successfully completed. Total expenditure Rs 2,694,892.95 verified against Sanction Order 2023/MPLAD/244. Site inspection conducted by Junior Engineer PWD on 04-Aug-2024. All quality benchmarks, MB book entries, and muster rolls found satisfactory. Upayogita Praman Patra niyamit hai."
MPLAD-CH-2022-1245,Shri Sunil Soni,Raipur (CG-08),Chhattisgarh,Raipur,Deep Borewell & Drinking Water Supply,21.219477,81.668596,2022-10-20,2022-12-08,2023-08-11,Completed,5018883.68,4611318.05,4369135.15,242182.9,National Highway Contractors,REG-MH-11209,CDEFG3456H,2016-03-10,4570731.4,True,https://mplad-portal.gov.in/photos/geo_proof_245.jpg,"Karya 'Deep Borewell & Drinking Water Supply' at Gram Panchayat Raipur successfully completed. Total expenditure Rs 4,369,135.15 verified against Sanction Order 2022/MPLAD/245. Site inspection conducted by Junior Engineer PWD on 11-Aug-2023. All quality benchmarks, MB book entries, and muster rolls found satisfactory. Upayogita Praman Patra niyamit hai."
MPLAD-CH-2023-1246,Shri Sunil Soni,Raipur (CG-08),Chhattisgarh,Raipur,Anganwadi & Nutritious Meal Center,21.253843,81.575036,2022-09-30,2022-12-18,2023-05-30,Completed,6459067.39,6381127.5,5894651.15,486476.35,Apex Infra Buildtech Pvt Ltd,REG-UP-98213,AABCA1234F,2021-04-12,6123573.53,True,https://mplad-portal.gov.in/photos/geo_proof_246.jpg,"Karya 'Anganwadi & Nutritious Meal Center' at Gram Panchayat Raipur successfully completed. Total expenditure Rs 5,894,651.15 verified against Sanction Order 2022/MPLAD/246. Site inspection conducted by Junior Engineer PWD on 30-May-2023. All quality benchmarks, MB book entries, and muster rolls found satisfactory. Upayogita Praman Patra niyamit hai."
MPLAD-RA-2024-1247,Smt. Meena Devi,Jaipur Rural (RJ-06),Rajasthan,Jaipur,Road Construction & Culverts,26.840489,75.76496,2022-02-12,2022-04-03,,Ongoing,4035884.62,3888740.23,1359305.82,2529434.41,Om Shakti Roadways,REG-GJ-99120,HIJKL8901N,2017-02-13,3700245.83,False,,"Karya 'Road Construction & Culverts' at Gram Panchayat Jaipur successfully completed. Total expenditure Rs 1,359,305.82 verified against Sanction Order 2022/MPLAD/247. Site inspection conducted by Junior Engineer PWD on 04-Sep-2022. All quality benchmarks, MB book entries, and muster rolls found satisfactory. Upayogita Praman Patra niyamit hai."
MPLAD-WE-2021-1248,Smt. Ananya Sen,Diamond Harbour (WB-21),West Bengal,South 24 Parganas,Model Digital Library & Smart Class,22.143413,88.249277,2022-12-18,2023-02-15,,Ongoing,2310619.49,2271540.03,763593.56,1507946.47,Om Shakti Roadways,REG-GJ-99120,HIJKL8901N,2021-08-02,2161080.77,False,,"Karya 'Model Digital Library & Smart Class' at Gram Panchayat South 24 Parganas successfully completed. Total expenditure Rs 763,593.56 verified against Sanction Order 2022/MPLAD/248. Site inspection conducted by Junior Engineer PWD on 27-May-2023. All quality benchmarks, MB book entries, and muster rolls found satisfactory. Upayogita Praman Patra niyamit hai."
MPLAD-BI-2022-1249,Shri Arvind Singh,Patna Sahib (BR-30),Bihar,Patna,Model Digital Library & Smart Class,25.651238,85.161181,2022-02-28,2022-04-18,2022-11-30,Completed,640366.5,626297.88,638688.84,0.0,Pioneer Civil Works,REG-RJ-77412,DEFGH4567J,2019-05-26,595261.63,True,https://mplad-portal.gov.in/photos/geo_proof_249.jpg,"Karya 'Model Digital Library & Smart Class' at Gram Panchayat Patna successfully completed. Total expenditure Rs 638,688.84 verified against Sanction Order 2022/MPLAD/249. Site inspection conducted by Junior Engineer PWD on 30-Nov-2022. All quality benchmarks, MB book entries, and muster rolls found satisfactory. Upayogita Praman Patra niyamit hai."
MPLAD-TA-2023-1250,Shri D. Kathir Anand,Vellore (TN-08),Tamil Nadu,Salem,Road Construction & Culverts,11.624682,78.194814,2022-09-18,2022-11-07,,Sanctioned,6461103.21,6111556.25,333399.23,5778157.02,Pioneer Civil Works,REG-RJ-77412,DEFGH4567J,2016-01-21,5898307.27,False,,"Karya 'Road Construction & Culverts' at Gram Panchayat Salem successfully completed. Total expenditure Rs 333,399.23 verified against Sanction Order 2022/MPLAD/250. Site inspection conducted by Junior Engineer PWD on 24-Apr-2023. All quality benchmarks, MB book entries, and muster rolls found satisfactory. Upayogita Praman Patra niyamit hai."
MPLAD-CH-2024-1251,Shri Sunil Soni,Raipur (CG-08),Chhattisgarh,Raipur,Model Digital Library & Smart Class,21.264918,81.550776,2023-02-06,2023-05-03,2023-12-14,Completed,2478738.14,2400512.42,2358805.9,41706.52,Green Valley Infrastructure,REG-KA-55432,GHIJK7890M,2018-08-20,2320849.45,True,https://mplad-portal.gov.in/photos/geo_proof_251.jpg,"Karya 'Model Digital Library & Smart Class' at Gram Panchayat Raipur successfully completed. Total expenditure Rs 2,358,805.90 verified against Sanction Order 2023/MPLAD/251. Site inspection conducted by Junior Engineer PWD on 14-Dec-2023. All quality benchmarks, MB book entries, and muster rolls found satisfactory. Upayogita Praman Patra niyamit hai."
MPLAD-CH-2021-1252,Shri Sunil Soni,Raipur (CG-08),Chhattisgarh,Raipur,Community Health Center Expansion,21.276379,81.70195,2022-09-04,2022-10-13,2023-01-19,Completed,2182114.54,1976291.97,2038448.32,0.0,Sai Krupa Water Solutions,REG-MP-88321,EFGHI5678K,2018-04-09,1957520.06,True,https://mplad-portal.gov.in/photos/geo_proof_252.jpg,"Karya 'Community Health Center Expansion' at Gram Panchayat Raipur successfully completed. Total expenditure Rs 2,038,448.32 verified against Sanction Order 2022/MPLAD/252. Site inspection conducted by Junior Engineer PWD on 19-Jan-2023. All quality benchmarks, MB book entries, and muster rolls found satisfactory. Upayogita Praman Patra niyamit hai."
MPLAD-KA-2022-1253,Shri Tejasvi Surya,Bengaluru South (KA-26),Karnataka,Bengaluru Urban,Solar High-Mast Street Lighting,12.895673,77.59418,2022-08-29,2022-10-16,2023-08-04,Completed,3217924.45,2907497.39,2942529.72,0.0,Durga Infratech Projects,REG-JH-77651,LMNOP2345S,2019-05-07,2845283.11,True,https://mplad-portal.gov.in/photos/geo_proof_253.jpg,"Karya 'Solar High-Mast Street Lighting' at Gram Panchayat Bengaluru Urban successfully completed. Total expenditure Rs 2,942,529.72 verified against Sanction Order 2022/MPLAD/253. Site inspection conducted by Junior Engineer PWD on 04-Aug-2023. All quality benchmarks, MB book entries, and muster rolls found satisfactory. Upayogita Praman Patra niyamit hai."
MPLAD-KA-2023-1254,Shri Tejasvi Surya,Bengaluru South (KA-26),Karnataka,Bengaluru Urban,Community Hall & Cyclone Shelter,13.017184,77.659644,2023-01-05,2023-03-25,,Ongoing,6384470.86,6305619.31,2348555.3,3957064.01,Surya Power & Solar Ltd,REG-DL-44321,KLMNO1234R,2020-10-03,6021110.73,False,,"Karya 'Community Hall & Cyclone Shelter' at Gram Panchayat Bengaluru Urban successfully completed. Total expenditure Rs 2,348,555.30 verified against Sanction Order 2023/MPLAD/254. Site inspection conducted by Junior Engineer PWD on 08-Aug-2023. All quality benchmarks, MB book entries, and muster rolls found satisfactory. Upayogita Praman Patra niyamit hai."
MPLAD-GU-2024-1255,Smt. Darshana Jardosh,Surat (GJ-24),Gujarat,Surat,Community Health Center Expansion,21.219535,72.873167,2022-01-10,2022-03-08,2022-10-21,Completed,2986983.77,2910579.69,2793926.81,116652.88,Durga Infratech Projects,REG-JH-77651,LMNOP2345S,2018-04-14,2879740.71,True,https://mplad-portal.gov.in/photos/geo_proof_255.jpg,"Karya 'Community Health Center Expansion' at Gram Panchayat Surat successfully completed. Total expenditure Rs 2,793,926.81 verified against Sanction Order 2022/MPLAD/255. Site inspection conducted by Junior Engineer PWD on 21-Oct-2022. All quality benchmarks, MB book entries, and muster rolls found satisfactory. Upayogita Praman Patra niyamit hai."
MPLAD-TA-2021-1256,Shri D. Kathir Anand,Vellore (TN-08),Tamil Nadu,Salem,Community Health Center Expansion,11.720494,78.141286,2021-05-26,2021-08-09,2022-05-23,Completed,1338711.56,1295966.2,1281553.77,14412.43,Om Shakti Roadways,REG-GJ-99120,HIJKL8901N,2018-11-21,1257936.54,True,https://mplad-portal.gov.in/photos/geo_proof_256.jpg,"Karya 'Community Health Center Expansion' at Gram Panchayat Salem successfully completed. Total expenditure Rs 1,281,553.77 verified against Sanction Order 2021/MPLAD/256. Site inspection conducted by Junior Engineer PWD on 23-May-2022. All quality benchmarks, MB book entries, and muster rolls found satisfactory. Upayogita Praman Patra niyamit hai."
MPLAD-BI-2022-1257,Shri Arvind Singh,Patna Sahib (BR-30),Bihar,Patna,Deep Borewell & Drinking Water Supply,25.579571,85.148705,2023-07-27,2023-08-29,,Sanctioned,1762497.38,1600490.64,133092.58,1467398.06,Bharat Engineering Associates,REG-TN-66543,FGHIJ6789L,2019-03-27,1599421.54,False,,"Karya 'Deep Borewell & Drinking Water Supply' at Gram Panchayat Patna successfully completed. Total expenditure Rs 133,092.58 verified against Sanction Order 2023/MPLAD/257. Site inspection conducted by Junior Engineer PWD on 16-Jan-2024. All quality benchmarks, MB book entries, and muster rolls found satisfactory. Upayogita Praman Patra niyamit hai."
MPLAD-KA-2023-1258,Shri Tejasvi Surya,Bengaluru South (KA-26),Karnataka,Bengaluru Urban,Road Construction & Culverts,12.963929,77.548101,2021-12-12,2022-03-10,2022-11-20,Completed,5996476.34,5864405.42,5493908.56,370496.86,Apex Infra Buildtech Pvt Ltd,REG-UP-98213,AABCA1234F,2016-04-25,5698358.13,True,https://mplad-portal.gov.in/photos/geo_proof_258.jpg,"Karya 'Road Construction & Culverts' at Gram Panchayat Bengaluru Urban successfully completed. Total expenditure Rs 5,493,908.56 verified against Sanction Order 2021/MPLAD/258. Site inspection conducted by Junior Engineer PWD on 20-Nov-2022. All quality benchmarks, MB book entries, and muster rolls found satisfactory. Upayogita Praman Patra niyamit hai."
MPLAD-WE-2024-1259,Smt. Ananya Sen,Diamond Harbour (WB-21),West Bengal,South 24 Parganas,Public Sanitation Complex & Toilets,22.121036,88.141906,2023-02-04,2023-02-20,2023-12-05,Completed,6332600.67,5820025.22,5866453.07,0.0,Apex Infra Buildtech Pvt Ltd,REG-UP-98213,AABCA1234F,2018-05-31,5711390.65,True,https://mplad-portal.gov.in/photos/geo_proof_259.jpg,"Karya 'Public Sanitation Complex & Toilets' at Gram Panchayat South 24 Parganas successfully completed. Total expenditure Rs 5,866,453.07 verified against Sanction Order 2023/MPLAD/259. Site inspection conducted by Junior Engineer PWD on 05-Dec-2023. All quality benchmarks, MB book entries, and muster rolls found satisfactory. Upayogita Praman Patra niyamit hai."
MPLAD-MA-2021-1260,Shri Suresh Patel,Indore (MP-26),Madhya Pradesh,Indore,Solar High-Mast Street Lighting,22.700968,75.871887,2021-12-09,2022-01-01,2022-09-28,Completed,7139243.63,6750816.17,6667359.16,83457.01,Shree Balaji Constructions,REG-BR-45210,BCDEF2345G,2019-08-14,6590186.45,True,https://mplad-portal.gov.in/photos/geo_proof_260.jpg,"Karya 'Solar High-Mast Street Lighting' at Gram Panchayat Indore successfully completed. Total expenditure Rs 6,667,359.16 verified against Sanction Order 2021/MPLAD/260. Site inspection conducted by Junior Engineer PWD on 28-Sep-2022. All quality benchmarks, MB book entries, and muster rolls found satisfactory. Upayogita Praman Patra niyamit hai."
MPLAD-OD-2022-1261,Shri Pinaki Mishra,Puri (OD-17),Odisha,Puri,Drainage Canal Paving,19.853518,85.777581,2023-04-07,2023-04-24,2023-08-20,Completed,7394156.67,6810898.37,6285428.88,525469.49,Bharat Engineering Associates,REG-TN-66543,FGHIJ6789L,2022-01-09,6642203.84,True,https://mplad-portal.gov.in/photos/geo_proof_261.jpg,"Karya 'Drainage Canal Paving' at Gram Panchayat Puri successfully completed. Total expenditure Rs 6,285,428.88 verified against Sanction Order 2023/MPLAD/261. Site inspection conducted by Junior Engineer PWD on 20-Aug-2023. All quality benchmarks, MB book entries, and muster rolls found satisfactory. Upayogita Praman Patra niyamit hai."
MPLAD-UT-2023-1262,Shri Ramakant Yadav,Azamgarh (UP-69),Uttar Pradesh,Gorakhpur,Community Health Center Expansion,26.780302,83.388228,2021-04-09,2021-05-07,,Ongoing,837645.4,763579.94,364781.77,398798.17,Trimurti Civil Developers,REG-WB-33219,IJKLM9012P,2017-08-13,730119.68,False,,"Karya 'Community Health Center Expansion' at Gram Panchayat Gorakhpur successfully completed. Total expenditure Rs 364,781.77 verified against Sanction Order 2021/MPLAD/262. Site inspection conducted by Junior Engineer PWD on 20-Dec-2021. All quality benchmarks, MB book entries, and muster rolls found satisfactory. Upayogita Praman Patra niyamit hai."
MPLAD-WE-2024-1263,Smt. Ananya Sen,Diamond Harbour (WB-21),West Bengal,South 24 Parganas,Solar High-Mast Street Lighting,22.226231,88.21085,2022-09-09,2022-11-16,2023-07-03,Completed,4142164.64,3985921.27,4030142.77,0.0,Pioneer Civil Works,REG-RJ-77412,DEFGH4567J,2016-02-18,3870095.53,True,https://mplad-portal.gov.in/photos/geo_proof_263.jpg,"Karya 'Solar High-Mast Street Lighting' at Gram Panchayat South 24 Parganas successfully completed. Total expenditure Rs 4,030,142.77 verified against Sanction Order 2022/MPLAD/263. Site inspection conducted by Junior Engineer PWD on 03-Jul-2023. All quality benchmarks, MB book entries, and muster rolls found satisfactory. Upayogita Praman Patra niyamit hai."
MPLAD-GU-2021-1264,Smt. Darshana Jardosh,Surat (GJ-24),Gujarat,Surat,Model Digital Library & Smart Class,21.135433,72.876662,2023-10-17,2023-11-26,2024-06-28,Completed,2340957.41,2229327.94,2109429.14,119898.8,Shree Balaji Constructions,REG-BR-45210,BCDEF2345G,2022-07-13,2196271.1,True,https://mplad-portal.gov.in/photos/geo_proof_264.jpg,"Karya 'Model Digital Library & Smart Class' at Gram Panchayat Surat successfully completed. Total expenditure Rs 2,109,429.14 verified against Sanction Order 2023/MPLAD/264. Site inspection conducted by Junior Engineer PWD on 28-Jun-2024. All quality benchmarks, MB book entries, and muster rolls found satisfactory. Upayogita Praman Patra niyamit hai."
MPLAD-MA-2022-1265,Shri Rajesh Patil,Pune (MH-34),Maharashtra,Pune,Drainage Canal Paving,18.550513,73.853606,2022-04-26,2022-05-11,,Ongoing,6848160.31,6735324.66,3823029.36,2912295.3,Pioneer Civil Works,REG-RJ-77412,DEFGH4567J,2020-06-27,6448785.26,False,,"Karya 'Drainage Canal Paving' at Gram Panchayat Pune successfully completed. Total expenditure Rs 3,823,029.36 verified against Sanction Order 2022/MPLAD/265. Site inspection conducted by Junior Engineer PWD on 13-Jul-2022. All quality benchmarks, MB book entries, and muster rolls found satisfactory. Upayogita Praman Patra niyamit hai."
MPLAD-JH-2023-1266,Shri Sanjay Seth,Ranchi (JH-08),Jharkhand,Ranchi,Community Hall & Cyclone Shelter,23.37987,85.245806,2022-06-09,2022-07-23,,Stalled,2572155.25,2434359.07,60742.68,2373616.39,Shree Balaji Constructions,REG-BR-45210,BCDEF2345G,2021-03-05,2333905.46,False,,"Karya 'Community Hall & Cyclone Shelter' at Gram Panchayat Ranchi successfully completed. Total expenditure Rs 60,742.68 verified against Sanction Order 2022/MPLAD/266. Site inspection conducted by Junior Engineer PWD on 15-Jan-2023. All quality benchmarks, MB book entries, and muster rolls found satisfactory. Upayogita Praman Patra niyamit hai."
MPLAD-CH-2024-1267,Shri Sunil Soni,Raipur (CG-08),Chhattisgarh,Raipur,Community Health Center Expansion,21.299655,81.599633,2021-08-26,2021-09-22,,Ongoing,821223.61,809069.4,457400.92,351668.48,Bharat Engineering Associates,REG-TN-66543,FGHIJ6789L,2016-10-27,775513.74,False,,"Karya 'Community Health Center Expansion' at Gram Panchayat Raipur successfully completed. Total expenditure Rs 457,400.92 verified against Sanction Order 2021/MPLAD/267. Site inspection conducted by Junior Engineer PWD on 26-Jun-2022. All quality benchmarks, MB book entries, and muster rolls found satisfactory. Upayogita Praman Patra niyamit hai."
MPLAD-UT-2021-1268,Shri Ravi Shankar,Varanasi (UP-77),Uttar Pradesh,Varanasi,Drainage Canal Paving,25.28053,83.011191,2023-02-03,2023-04-02,2023-07-17,Completed,3301751.58,3122314.16,3211743.75,0.0,Eastern Shelter Builders,REG-OD-22104,JKLMN0123Q,2017-07-17,3073903.06,True,https://mplad-portal.gov.in/photos/geo_proof_268.jpg,"Karya 'Drainage Canal Paving' at Gram Panchayat Varanasi successfully completed. Total expenditure Rs 3,211,743.75 verified against Sanction Order 2023/MPLAD/268. Site inspection conducted by Junior Engineer PWD on 17-Jul-2023. All quality benchmarks, MB book entries, and muster rolls found satisfactory. Upayogita Praman Patra niyamit hai."
MPLAD-KA-2022-1269,Shri Tejasvi Surya,Bengaluru South (KA-26),Karnataka,Bengaluru Urban,Solar High-Mast Street Lighting,12.912802,77.630826,2021-11-23,2021-12-21,,Sanctioned,3878723.95,3711529.01,406563.49,3304965.52,Shree Balaji Constructions,REG-BR-45210,BCDEF2345G,2017-01-20,3639399.74,False,,"Karya 'Solar High-Mast Street Lighting' at Gram Panchayat Bengaluru Urban successfully completed. Total expenditure Rs 406,563.49 verified against Sanction Order 2021/MPLAD/269. Site inspection conducted by Junior Engineer PWD on 05-Jun-2022. All quality benchmarks, MB book entries, and muster rolls found satisfactory. Upayogita Praman Patra niyamit hai."
MPLAD-TA-2023-1270,Shri D. Kathir Anand,Vellore (TN-08),Tamil Nadu,Salem,Road Construction & Culverts,11.725092,78.182365,2021-09-25,2021-12-10,2022-10-01,Completed,6713157.5,6337682.46,5882850.35,454832.11,Surya Power & Solar Ltd,REG-DL-44321,KLMNO1234R,2015-01-11,6228349.06,False,,"Karya 'Road Construction & Culverts' at Gram Panchayat Salem successfully completed. Total expenditure Rs 5,882,850.35 verified against Sanction Order 2021/MPLAD/270. Site inspection conducted by Junior Engineer PWD on 01-Oct-2022. All quality benchmarks, MB book entries, and muster rolls found satisfactory. Upayogita Praman Patra niyamit hai."
MPLAD-JH-2024-1271,Shri Sanjay Seth,Ranchi (JH-08),Jharkhand,Ranchi,Model Digital Library & Smart Class,23.354502,85.386063,2022-11-24,2023-02-13,,Ongoing,4827673.11,4553870.62,2689792.81,1864077.81,Durga Infratech Projects,REG-JH-77651,LMNOP2345S,2017-10-05,4435909.36,False,,"Karya 'Model Digital Library & Smart Class' at Gram Panchayat Ranchi successfully completed. Total expenditure Rs 2,689,792.81 verified against Sanction Order 2022/MPLAD/271. Site inspection conducted by Junior Engineer PWD on 25-Aug-2023. All quality benchmarks, MB book entries, and muster rolls found satisfactory. Upayogita Praman Patra niyamit hai."
MPLAD-BI-2021-1272,Shri Arvind Singh,Patna Sahib (BR-30),Bihar,Patna,Community Hall & Cyclone Shelter,25.522831,85.160544,2021-11-18,2022-02-05,2022-11-09,Completed,3970844.52,3639439.37,3703806.13,0.0,Eastern Shelter Builders,REG-OD-22104,JKLMN0123Q,2017-12-10,3515813.77,True,https://mplad-portal.gov.in/photos/geo_proof_272.jpg,"Karya 'Community Hall & Cyclone Shelter' at Gram Panchayat Patna successfully completed. Total expenditure Rs 3,703,806.13 verified against Sanction Order 2021/MPLAD/272. Site inspection conducted by Junior Engineer PWD on 09-Nov-2022. All quality benchmarks, MB book entries, and muster rolls found satisfactory. Upayogita Praman Patra niyamit hai."
MPLAD-UT-2022-1273,Shri Ramesh Kumar,Phoolpur (UP-52),Uttar Pradesh,Prayagraj,Community Hall & Cyclone Shelter,25.443879,81.826882,2022-04-27,2022-05-22,2022-11-15,Completed,4511244.51,4099827.97,4037507.71,62320.26,Pioneer Civil Works,REG-RJ-77412,DEFGH4567J,2021-04-20,3959626.47,True,https://mplad-portal.gov.in/photos/geo_proof_273.jpg,"Karya 'Community Hall & Cyclone Shelter' at Gram Panchayat Prayagraj successfully completed. Total expenditure Rs 4,037,507.71 verified against Sanction Order 2022/MPLAD/273. Site inspection conducted by Junior Engineer PWD on 15-Nov-2022. All quality benchmarks, MB book entries, and muster rolls found satisfactory. Upayogita Praman Patra niyamit hai."
MPLAD-UT-2023-1274,Smt. Priya Sharma,Allahabad (UP-53),Uttar Pradesh,Prayagraj,Public Sanitation Complex & Toilets,25.361533,81.854156,2021-07-06,2021-08-28,2022-06-11,Completed,1947958.74,1883963.3,1966002.68,0.0,Green Valley Infrastructure,REG-KA-55432,GHIJK7890M,2018-03-11,1823991.33,False,,"Karya 'Public Sanitation Complex & Toilets' at Gram Panchayat Prayagraj successfully completed. Total expenditure Rs 1,966,002.68 verified against Sanction Order 2021/MPLAD/274. Site inspection conducted by Junior Engineer PWD on 11-Jun-2022. All quality benchmarks, MB book entries, and muster rolls found satisfactory. Upayogita Praman Patra niyamit hai."
MPLAD-CH-2024-1275,Shri Sunil Soni,Raipur (CG-08),Chhattisgarh,Raipur,Drainage Canal Paving,21.261024,81.648761,2023-08-27,2023-10-27,2024-06-26,Completed,1182059.16,1141740.33,1050727.19,91013.14,Bharat Engineering Associates,REG-TN-66543,FGHIJ6789L,2019-07-24,1104927.14,True,https://mplad-portal.gov.in/photos/geo_proof_275.jpg,"Karya 'Drainage Canal Paving' at Gram Panchayat Raipur successfully completed. Total expenditure Rs 1,050,727.19 verified against Sanction Order 2023/MPLAD/275. Site inspection conducted by Junior Engineer PWD on 26-Jun-2024. All quality benchmarks, MB book entries, and muster rolls found satisfactory. Upayogita Praman Patra niyamit hai."
MPLAD-MA-2021-1276,Shri Rajesh Patil,Pune (MH-34),Maharashtra,Pune,Community Hall & Cyclone Shelter,18.552735,73.784024,2021-12-03,2022-02-19,,Ongoing,5697576.23,5360969.56,2153585.77,3207383.79,Bharat Engineering Associates,REG-TN-66543,FGHIJ6789L,2019-10-01,5145437.53,False,,"Karya 'Community Hall & Cyclone Shelter' at Gram Panchayat Pune successfully completed. Total expenditure Rs 2,153,585.77 verified against Sanction Order 2021/MPLAD/276. Site inspection conducted by Junior Engineer PWD on 25-May-2022. All quality benchmarks, MB book entries, and muster rolls found satisfactory. Upayogita Praman Patra niyamit hai."
MPLAD-UT-2022-1277,Shri Ravi Shankar,Varanasi (UP-77),Uttar Pradesh,Varanasi,Public Sanitation Complex & Toilets,25.310727,83.018927,2022-11-24,2022-12-22,2023-09-01,Completed,6986385.71,6872833.35,6849090.76,23742.59,Pioneer Civil Works,REG-RJ-77412,DEFGH4567J,2016-06-03,6794532.94,True,https://mplad-portal.gov.in/photos/geo_proof_277.jpg,"Karya 'Public Sanitation Complex & Toilets' at Gram Panchayat Varanasi successfully completed. Total expenditure Rs 6,849,090.76 verified against Sanction Order 2022/MPLAD/277. Site inspection conducted by Junior Engineer PWD on 01-Sep-2023. All quality benchmarks, MB book entries, and muster rolls found satisfactory. Upayogita Praman Patra niyamit hai."
MPLAD-BI-2023-1278,Shri Arvind Singh,Patna Sahib (BR-30),Bihar,Patna,Drainage Canal Paving,25.598958,85.065371,2023-06-06,2023-09-03,,Sanctioned,5967570.48,5913970.65,1022847.41,4891123.24,Apex Infra Buildtech Pvt Ltd,REG-UP-98213,AABCA1234F,2021-03-03,5669620.25,False,,"Karya 'Drainage Canal Paving' at Gram Panchayat Patna successfully completed. Total expenditure Rs 1,022,847.41 verified against Sanction Order 2023/MPLAD/278. Site inspection conducted by Junior Engineer PWD on 04-Mar-2024. All quality benchmarks, MB book entries, and muster rolls found satisfactory. Upayogita Praman Patra niyamit hai."
MPLAD-UT-2024-1279,Smt. Priya Sharma,Allahabad (UP-53),Uttar Pradesh,Prayagraj,Public Sanitation Complex & Toilets,25.451887,81.907531,2023-10-30,2024-01-02,,Stalled,6911371.69,6747139.98,461497.43,6285642.55,Surya Power & Solar Ltd,REG-DL-44321,KLMNO1234R,2019-09-17,6734858.01,False,,"Karya 'Public Sanitation Complex & Toilets' at Gram Panchayat Prayagraj successfully completed. Total expenditure Rs 461,497.43 verified against Sanction Order 2023/MPLAD/279. Site inspection conducted by Junior Engineer PWD on 17-Jun-2024. All quality benchmarks, MB book entries, and muster rolls found satisfactory. Upayogita Praman Patra niyamit hai."
MPLAD-WE-2021-1280,Smt. Ananya Sen,Diamond Harbour (WB-21),West Bengal,South 24 Parganas,Solar High-Mast Street Lighting,22.181039,88.222002,2023-11-16,2024-01-08,,Ongoing,6524952.82,6336952.2,4272403.79,2064548.41,National Highway Contractors,REG-MH-11209,CDEFG3456H,2020-10-20,6220537.09,False,,"Karya 'Solar High-Mast Street Lighting' at Gram Panchayat South 24 Parganas successfully completed. Total expenditure Rs 4,272,403.79 verified against Sanction Order 2023/MPLAD/280. Site inspection conducted by Junior Engineer PWD on 09-Oct-2024. All quality benchmarks, MB book entries, and muster rolls found satisfactory. Upayogita Praman Patra niyamit hai."
MPLAD-RA-2022-1281,Smt. Meena Devi,Jaipur Rural (RJ-06),Rajasthan,Jaipur,Model Digital Library & Smart Class,26.878893,75.762547,2021-09-29,2021-11-05,2022-05-12,Completed,4958142.04,4814530.81,4905529.07,0.0,Durga Infratech Projects,REG-JH-77651,LMNOP2345S,2016-03-30,4709160.04,True,https://mplad-portal.gov.in/photos/geo_proof_281.jpg,"Karya 'Model Digital Library & Smart Class' at Gram Panchayat Jaipur successfully completed. Total expenditure Rs 4,905,529.07 verified against Sanction Order 2021/MPLAD/281. Site inspection conducted by Junior Engineer PWD on 12-May-2022. All quality benchmarks, MB book entries, and muster rolls found satisfactory. Upayogita Praman Patra niyamit hai."
MPLAD-KA-2023-1282,Shri Tejasvi Surya,Bengaluru South (KA-26),Karnataka,Bengaluru Urban,Community Hall & Cyclone Shelter,13.031996,77.582182,2021-01-27,2021-04-18,2021-07-14,Completed,1517286.98,1467255.08,1388004.69,79250.39,Sai Krupa Water Solutions,REG-MP-88321,EFGHI5678K,2017-01-15,1448927.96,True,https://mplad-portal.gov.in/photos/geo_proof_282.jpg,"Karya 'Community Hall & Cyclone Shelter' at Gram Panchayat Bengaluru Urban successfully completed. Total expenditure Rs 1,388,004.69 verified against Sanction Order 2021/MPLAD/282. Site inspection conducted by Junior Engineer PWD on 14-Jul-2021. All quality benchmarks, MB book entries, and muster rolls found satisfactory. Upayogita Praman Patra niyamit hai."
MPLAD-KA-2024-1283,Shri Tejasvi Surya,Bengaluru South (KA-26),Karnataka,Bengaluru Urban,Community Health Center Expansion,13.025901,77.625095,2022-08-28,2022-10-08,2023-06-17,Completed,3010777.06,2845965.47,2846233.41,0.0,National Highway Contractors,REG-MH-11209,CDEFG3456H,2019-04-28,2799793.38,True,https://mplad-portal.gov.in/photos/geo_proof_283.jpg,"Karya 'Community Health Center Expansion' at Gram Panchayat Bengaluru Urban successfully completed. Total expenditure Rs 2,846,233.41 verified against Sanction Order 2022/MPLAD/283. Site inspection conducted by Junior Engineer PWD on 17-Jun-2023. All quality benchmarks, MB book entries, and muster rolls found satisfactory. Upayogita Praman Patra niyamit hai."
MPLAD-GU-2021-1284,Smt. Darshana Jardosh,Surat (GJ-24),Gujarat,Surat,Community Hall & Cyclone Shelter,21.128215,72.876589,2022-08-13,2022-09-03,2023-06-27,Completed,3415963.66,3343583.33,3373907.42,0.0,Green Valley Infrastructure,REG-KA-55432,GHIJK7890M,2018-12-23,3337871.36,False,,"Karya 'Community Hall & Cyclone Shelter' at Gram Panchayat Surat successfully completed. Total expenditure Rs 3,373,907.42 verified against Sanction Order 2022/MPLAD/284. Site inspection conducted by Junior Engineer PWD on 27-Jun-2023. All quality benchmarks, MB book entries, and muster rolls found satisfactory. Upayogita Praman Patra niyamit hai."
MPLAD-RA-2022-1285,Smt. Meena Devi,Jaipur Rural (RJ-06),Rajasthan,Jaipur,Model Digital Library & Smart Class,26.965197,75.853138,2023-01-24,2023-04-24,,Ongoing,1875283.57,1823697.24,688261.67,1135435.57,Om Shakti Roadways,REG-GJ-99120,HIJKL8901N,2021-05-29,1773437.5,False,,"Karya 'Model Digital Library & Smart Class' at Gram Panchayat Jaipur successfully completed. Total expenditure Rs 688,261.67 verified against Sanction Order 2023/MPLAD/285. Site inspection conducted by Junior Engineer PWD on 09-Nov-2023. All quality benchmarks, MB book entries, and muster rolls found satisfactory. Upayogita Praman Patra niyamit hai."
MPLAD-BI-2023-1286,Shri Arvind Singh,Patna Sahib (BR-30),Bihar,Patna,Solar High-Mast Street Lighting,25.596315,85.117952,2023-05-28,2023-07-17,2024-02-04,Completed,1626501.95,1601456.13,1474514.9,126941.23,Durga Infratech Projects,REG-JH-77651,LMNOP2345S,2022-02-19,1558723.78,True,https://mplad-portal.gov.in/photos/geo_proof_286.jpg,"Karya 'Solar High-Mast Street Lighting' at Gram Panchayat Patna successfully completed. Total expenditure Rs 1,474,514.90 verified against Sanction Order 2023/MPLAD/286. Site inspection conducted by Junior Engineer PWD on 04-Feb-2024. All quality benchmarks, MB book entries, and muster rolls found satisfactory. Upayogita Praman Patra niyamit hai."
MPLAD-BI-2024-1287,Shri Arvind Singh,Patna Sahib (BR-30),Bihar,Patna,Anganwadi & Nutritious Meal Center,25.522237,85.206781,2022-09-09,2022-11-25,2023-08-14,Completed,3006599.12,2941666.03,2827887.3,113778.73,Eastern Shelter Builders,REG-OD-22104,JKLMN0123Q,2021-02-07,2826935.47,True,https://mplad-portal.gov.in/photos/geo_proof_287.jpg,"Karya 'Anganwadi & Nutritious Meal Center' at Gram Panchayat Patna successfully completed. Total expenditure Rs 2,827,887.30 verified against Sanction Order 2022/MPLAD/287. Site inspection conducted by Junior Engineer PWD on 14-Aug-2023. All quality benchmarks, MB book entries, and muster rolls found satisfactory. Upayogita Praman Patra niyamit hai."
MPLAD-JH-2021-1288,Shri Sanjay Seth,Ranchi (JH-08),Jharkhand,Ranchi,Community Hall & Cyclone Shelter,23.330649,85.315526,2021-07-08,2021-09-05,,Sanctioned,5143341.34,4799286.03,352236.83,4447049.2,National Highway Contractors,REG-MH-11209,CDEFG3456H,2014-10-01,4787361.79,False,,"Karya 'Community Hall & Cyclone Shelter' at Gram Panchayat Ranchi successfully completed. Total expenditure Rs 352,236.83 verified against Sanction Order 2021/MPLAD/288. Site inspection conducted by Junior Engineer PWD on 30-Dec-2021. All quality benchmarks, MB book entries, and muster rolls found satisfactory. Upayogita Praman Patra niyamit hai."
MPLAD-WE-2022-1289,Smt. Ananya Sen,Diamond Harbour (WB-21),West Bengal,South 24 Parganas,Community Hall & Cyclone Shelter,22.116409,88.21703,2023-07-02,2023-08-16,2024-06-02,Completed,6930251.09,6406204.33,5926918.02,479286.31,Surya Power & Solar Ltd,REG-DL-44321,KLMNO1234R,2021-05-29,6369580.11,True,https://mplad-portal.gov.in/photos/geo_proof_289.jpg,"Karya 'Community Hall & Cyclone Shelter' at Gram Panchayat South 24 Parganas successfully completed. Total expenditure Rs 5,926,918.02 verified against Sanction Order 2023/MPLAD/289. Site inspection conducted by Junior Engineer PWD on 02-Jun-2024. All quality benchmarks, MB book entries, and muster rolls found satisfactory. Upayogita Praman Patra niyamit hai."
MPLAD-UT-2023-1290,Shri Ramakant Yadav,Azamgarh (UP-69),Uttar Pradesh,Gorakhpur,Community Health Center Expansion,26.796436,83.297153,2023-11-25,2024-01-26,,Ongoing,3618898.28,3272877.92,2157849.79,1115028.13,Trimurti Civil Developers,REG-WB-33219,IJKLM9012P,2017-04-26,3140737.5,False,,"Karya 'Community Health Center Expansion' at Gram Panchayat Gorakhpur successfully completed. Total expenditure Rs 2,157,849.79 verified against Sanction Order 2023/MPLAD/290. Site inspection conducted by Junior Engineer PWD on 04-Aug-2024. All quality benchmarks, MB book entries, and muster rolls found satisfactory. Upayogita Praman Patra niyamit hai."
MPLAD-UT-2024-1291,Smt. Priya Sharma,Allahabad (UP-53),Uttar Pradesh,Prayagraj,School Classroom & Lab Building,25.511261,81.890031,2023-12-29,2024-01-13,2024-08-20,Completed,5192345.88,5074781.96,5239426.21,0.0,National Highway Contractors,REG-MH-11209,CDEFG3456H,2018-04-17,4928681.39,True,https://mplad-portal.gov.in/photos/geo_proof_291.jpg,"Karya 'School Classroom & Lab Building' at Gram Panchayat Prayagraj successfully completed. Total expenditure Rs 5,239,426.21 verified against Sanction Order 2023/MPLAD/291. Site inspection conducted by Junior Engineer PWD on 20-Aug-2024. All quality benchmarks, MB book entries, and muster rolls found satisfactory. Upayogita Praman Patra niyamit hai."
MPLAD-KA-2021-1292,Shri Tejasvi Surya,Bengaluru South (KA-26),Karnataka,Bengaluru Urban,School Classroom & Lab Building,13.001367,77.5184,2022-11-11,2022-11-30,2023-02-20,Completed,1745945.14,1615332.38,1500898.15,114434.23,Durga Infratech Projects,REG-JH-77651,LMNOP2345S,2017-06-21,1600925.18,True,https://mplad-portal.gov.in/photos/geo_proof_292.jpg,"Karya 'School Classroom & Lab Building' at Gram Panchayat Bengaluru Urban successfully completed. Total expenditure Rs 1,500,898.15 verified against Sanction Order 2022/MPLAD/292. Site inspection conducted by Junior Engineer PWD on 20-Feb-2023. All quality benchmarks, MB book entries, and muster rolls found satisfactory. Upayogita Praman Patra niyamit hai."
MPLAD-UT-2022-1293,Shri Ramakant Yadav,Azamgarh (UP-69),Uttar Pradesh,Gorakhpur,Drainage Canal Paving,26.745312,83.343825,2023-03-09,2023-04-08,2023-10-21,Completed,5541999.77,5022846.06,5108102.01,0.0,Surya Power & Solar Ltd,REG-DL-44321,KLMNO1234R,2018-05-09,4783134.96,True,https://mplad-portal.gov.in/photos/geo_proof_293.jpg,"Karya 'Drainage Canal Paving' at Gram Panchayat Gorakhpur successfully completed. Total expenditure Rs 5,108,102.01 verified against Sanction Order 2023/MPLAD/293. Site inspection conducted by Junior Engineer PWD on 21-Oct-2023. All quality benchmarks, MB book entries, and muster rolls found satisfactory. Upayogita Praman Patra niyamit hai."
MPLAD-UT-2023-1294,Shri Ravi Shankar,Varanasi (UP-77),Uttar Pradesh,Varanasi,Community Hall & Cyclone Shelter,25.283974,83.003641,2021-06-27,2021-08-17,,Sanctioned,3169895.02,3113509.68,23988.93,3089520.75,Shree Balaji Constructions,REG-BR-45210,BCDEF2345G,2018-03-15,2982169.93,False,,"Karya 'Community Hall & Cyclone Shelter' at Gram Panchayat Varanasi successfully completed. Total expenditure Rs 23,988.93 verified against Sanction Order 2021/MPLAD/294. Site inspection conducted by Junior Engineer PWD on 29-Apr-2022. All quality benchmarks, MB book entries, and muster rolls found satisfactory. Upayogita Praman Patra niyamit hai."
MPLAD-BI-2024-1295,Shri Arvind Singh,Patna Sahib (BR-30),Bihar,Patna,Public Sanitation Complex & Toilets,25.561297,85.159047,2022-09-03,2022-11-04,2023-01-05,Completed,4385488.22,4000984.03,3683521.47,317462.56,Trimurti Civil Developers,REG-WB-33219,IJKLM9012P,2020-11-24,3920295.16,True,https://mplad-portal.gov.in/photos/geo_proof_295.jpg,"Karya 'Public Sanitation Complex & Toilets' at Gram Panchayat Patna successfully completed. Total expenditure Rs 3,683,521.47 verified against Sanction Order 2022/MPLAD/295. Site inspection conducted by Junior Engineer PWD on 05-Jan-2023. All quality benchmarks, MB book entries, and muster rolls found satisfactory. Upayogita Praman Patra niyamit hai."
MPLAD-MA-2021-1296,Shri Suresh Patel,Indore (MP-26),Madhya Pradesh,Indore,Deep Borewell & Drinking Water Supply,22.758229,75.89385,2022-03-10,2022-05-16,2023-03-03,Completed,4087868.86,3744878.0,3552774.88,192103.12,Durga Infratech Projects,REG-JH-77651,LMNOP2345S,2019-05-03,3713935.64,True,https://mplad-portal.gov.in/photos/geo_proof_296.jpg,"Karya 'Deep Borewell & Drinking Water Supply' at Gram Panchayat Indore successfully completed. Total expenditure Rs 3,552,774.88 verified against Sanction Order 2022/MPLAD/296. Site inspection conducted by Junior Engineer PWD on 03-Mar-2023. All quality benchmarks, MB book entries, and muster rolls found satisfactory. Upayogita Praman Patra niyamit hai."
MPLAD-KA-2022-1297,Shri Tejasvi Surya,Bengaluru South (KA-26),Karnataka,Bengaluru Urban,Model Digital Library & Smart Class,13.027822,77.663779,2023-08-03,2023-10-27,2024-01-13,Completed,971539.3,883926.12,896589.78,0.0,Apex Infra Buildtech Pvt Ltd,REG-UP-98213,AABCA1234F,2021-04-30,861261.83,True,https://mplad-portal.gov.in/photos/geo_proof_297.jpg,"Karya 'Model Digital Library & Smart Class' at Gram Panchayat Bengaluru Urban successfully completed. Total expenditure Rs 896,589.78 verified against Sanction Order 2023/MPLAD/297. Site inspection conducted by Junior Engineer PWD on 13-Jan-2024. All quality benchmarks, MB book entries, and muster rolls found satisfactory. Upayogita Praman Patra niyamit hai."
MPLAD-KA-2023-1298,Shri Tejasvi Surya,Bengaluru South (KA-26),Karnataka,Bengaluru Urban,Deep Borewell & Drinking Water Supply,12.937222,77.525769,2022-02-01,2022-03-28,2022-09-28,Completed,4814397.01,4480121.63,4461941.71,18179.92,Shree Balaji Constructions,REG-BR-45210,BCDEF2345G,2017-09-20,4382802.64,True,https://mplad-portal.gov.in/photos/geo_proof_298.jpg,"Karya 'Deep Borewell & Drinking Water Supply' at Gram Panchayat Bengaluru Urban successfully completed. Total expenditure Rs 4,461,941.71 verified against Sanction Order 2022/MPLAD/298. Site inspection conducted by Junior Engineer PWD on 28-Sep-2022. All quality benchmarks, MB book entries, and muster rolls found satisfactory. Upayogita Praman Patra niyamit hai."
MPLAD-UT-2024-1299,Shri Ramakant Yadav,Azamgarh (UP-69),Uttar Pradesh,Gorakhpur,Solar High-Mast Street Lighting,26.730714,83.418906,2023-06-13,2023-08-02,2024-05-03,Completed,5257061.26,4905659.81,4819290.84,86368.97,Apex Infra Buildtech Pvt Ltd,REG-UP-98213,AABCA1234F,2017-03-02,4769615.56,True,https://mplad-portal.gov.in/photos/geo_proof_299.jpg,"Karya 'Solar High-Mast Street Lighting' at Gram Panchayat Gorakhpur successfully completed. Total expenditure Rs 4,819,290.84 verified against Sanction Order 2023/MPLAD/299. Site inspection conducted by Junior Engineer PWD on 03-May-2024. All quality benchmarks, MB book entries, and muster rolls found satisfactory. Upayogita Praman Patra niyamit hai."
MPLAD-MA-2021-1300,Shri Rajesh Patil,Pune (MH-34),Maharashtra,Pune,School Classroom & Lab Building,18.543688,73.789816,2022-07-29,2022-08-30,2023-06-14,Completed,2342642.55,2316015.1,2153755.34,162259.76,National Highway Contractors,REG-MH-11209,CDEFG3456H,2016-01-25,2208945.72,False,,"Karya 'School Classroom & Lab Building' at Gram Panchayat Pune successfully completed. Total expenditure Rs 2,153,755.34 verified against Sanction Order 2022/MPLAD/300. Site inspection conducted by Junior Engineer PWD on 14-Jun-2023. All quality benchmarks, MB book entries, and muster rolls found satisfactory. Upayogita Praman Patra niyamit hai."
MPLAD-KA-2022-1301,Shri Tejasvi Surya,Bengaluru South (KA-26),Karnataka,Bengaluru Urban,Road Construction & Culverts,12.984224,77.637672,2022-03-12,2022-03-31,2022-10-18,Completed,6757901.54,6446819.87,6479105.92,0.0,Eastern Shelter Builders,REG-OD-22104,JKLMN0123Q,2018-02-10,6172389.38,True,https://mplad-portal.gov.in/photos/geo_proof_301.jpg,"Karya 'Road Construction & Culverts' at Gram Panchayat Bengaluru Urban successfully completed. Total expenditure Rs 6,479,105.92 verified against Sanction Order 2022/MPLAD/301. Site inspection conducted by Junior Engineer PWD on 18-Oct-2022. All quality benchmarks, MB book entries, and muster rolls found satisfactory. Upayogita Praman Patra niyamit hai."
MPLAD-BI-2023-1302,Shri Arvind Singh,Patna Sahib (BR-30),Bihar,Patna,Drainage Canal Paving,25.595766,85.121086,2023-10-26,2023-11-11,2024-06-27,Completed,7248001.88,7234849.08,7299535.98,0.0,Trimurti Civil Developers,REG-WB-33219,IJKLM9012P,2021-03-18,7147020.21,True,https://mplad-portal.gov.in/photos/geo_proof_302.jpg,"Karya 'Drainage Canal Paving' at Gram Panchayat Patna successfully completed. Total expenditure Rs 7,299,535.98 verified against Sanction Order 2023/MPLAD/302. Site inspection conducted by Junior Engineer PWD on 27-Jun-2024. All quality benchmarks, MB book entries, and muster rolls found satisfactory. Upayogita Praman Patra niyamit hai."
MPLAD-BI-2024-1303,Shri Arvind Singh,Patna Sahib (BR-30),Bihar,Patna,Model Digital Library & Smart Class,25.619606,85.212438,2023-09-18,2023-11-17,2024-01-26,Completed,3913495.04,3546746.22,3433344.59,113401.63,Eastern Shelter Builders,REG-OD-22104,JKLMN0123Q,2018-11-04,3377000.44,True,https://mplad-portal.gov.in/photos/geo_proof_303.jpg,"Karya 'Model Digital Library & Smart Class' at Gram Panchayat Patna successfully completed. Total expenditure Rs 3,433,344.59 verified against Sanction Order 2023/MPLAD/303. Site inspection conducted by Junior Engineer PWD on 26-Jan-2024. All quality benchmarks, MB book entries, and muster rolls found satisfactory. Upayogita Praman Patra niyamit hai."
MPLAD-UT-2021-1304,Shri Ramakant Yadav,Azamgarh (UP-69),Uttar Pradesh,Gorakhpur,Drainage Canal Paving,26.821648,83.299585,2022-10-26,2022-11-23,,Stalled,4934968.87,4576441.07,848826.51,3727614.56,Om Shakti Roadways,REG-GJ-99120,HIJKL8901N,2020-01-18,4480022.65,False,,"Karya 'Drainage Canal Paving' at Gram Panchayat Gorakhpur successfully completed. Total expenditure Rs 848,826.51 verified against Sanction Order 2022/MPLAD/304. Site inspection conducted by Junior Engineer PWD on 21-Jul-2023. All quality benchmarks, MB book entries, and muster rolls found satisfactory. Upayogita Praman Patra niyamit hai."
MPLAD-UT-2022-1305,Shri Ramakant Yadav,Azamgarh (UP-69),Uttar Pradesh,Gorakhpur,Public Sanitation Complex & Toilets,26.774629,83.436916,2021-06-09,2021-08-29,2021-12-31,Completed,6850696.99,6519377.95,6296915.53,222462.42,Bharat Engineering Associates,REG-TN-66543,FGHIJ6789L,2015-03-19,6476258.6,True,https://mplad-portal.gov.in/photos/geo_proof_305.jpg,"Karya 'Public Sanitation Complex & Toilets' at Gram Panchayat Gorakhpur successfully completed. Total expenditure Rs 6,296,915.53 verified against Sanction Order 2021/MPLAD/305. Site inspection conducted by Junior Engineer PWD on 31-Dec-2021. All quality benchmarks, MB book entries, and muster rolls found satisfactory. Upayogita Praman Patra niyamit hai."
MPLAD-UT-2023-1306,Shri Ravi Shankar,Varanasi (UP-77),Uttar Pradesh,Varanasi,Model Digital Library & Smart Class,25.317894,82.916135,2021-12-06,2022-01-19,2022-04-08,Completed,2465666.56,2256144.18,2121805.36,134338.82,Apex Infra Buildtech Pvt Ltd,REG-UP-98213,AABCA1234F,2018-07-12,2211249.2,True,https://mplad-portal.gov.in/photos/geo_proof_306.jpg,"Karya 'Model Digital Library & Smart Class' at Gram Panchayat Varanasi successfully completed. Total expenditure Rs 2,121,805.36 verified against Sanction Order 2021/MPLAD/306. Site inspection conducted by Junior Engineer PWD on 08-Apr-2022. All quality benchmarks, MB book entries, and muster rolls found satisfactory. Upayogita Praman Patra niyamit hai."
MPLAD-UT-2024-1307,Shri Ramakant Yadav,Azamgarh (UP-69),Uttar Pradesh,Gorakhpur,Anganwadi & Nutritious Meal Center,26.698734,83.401237,2023-09-09,2023-10-20,2024-05-18,Completed,6333554.97,5714415.79,5289313.33,425102.46,Durga Infratech Projects,REG-JH-77651,LMNOP2345S,2017-02-13,5592552.02,True,https://mplad-portal.gov.in/photos/geo_proof_307.jpg,"Karya 'Anganwadi & Nutritious Meal Center' at Gram Panchayat Gorakhpur successfully completed. Total expenditure Rs 5,289,313.33 verified against Sanction Order 2023/MPLAD/307. Site inspection conducted by Junior Engineer PWD on 18-May-2024. All quality benchmarks, MB book entries, and muster rolls found satisfactory. Upayogita Praman Patra niyamit hai."
MPLAD-UT-2021-1308,Shri Ramesh Kumar,Phoolpur (UP-52),Uttar Pradesh,Prayagraj,Model Digital Library & Smart Class,25.364746,81.807622,2022-01-04,2022-03-26,2022-09-05,Completed,4445232.92,4008986.67,4063272.96,0.0,National Highway Contractors,REG-MH-11209,CDEFG3456H,2020-03-24,3941183.69,True,https://mplad-portal.gov.in/photos/geo_proof_308.jpg,"Karya 'Model Digital Library & Smart Class' at Gram Panchayat Prayagraj successfully completed. Total expenditure Rs 4,063,272.96 verified against Sanction Order 2022/MPLAD/308. Site inspection conducted by Junior Engineer PWD on 05-Sep-2022. All quality benchmarks, MB book entries, and muster rolls found satisfactory. Upayogita Praman Patra niyamit hai."
MPLAD-RA-2022-1309,Smt. Meena Devi,Jaipur Rural (RJ-06),Rajasthan,Jaipur,Drainage Canal Paving,26.991244,75.846068,2021-12-16,2022-01-28,2022-10-27,Completed,1498984.96,1436424.24,1464827.68,0.0,Eastern Shelter Builders,REG-OD-22104,JKLMN0123Q,2019-04-05,1409362.85,True,https://mplad-portal.gov.in/photos/geo_proof_309.jpg,"Karya 'Drainage Canal Paving' at Gram Panchayat Jaipur successfully completed. Total expenditure Rs 1,464,827.68 verified against Sanction Order 2021/MPLAD/309. Site inspection conducted by Junior Engineer PWD on 27-Oct-2022. All quality benchmarks, MB book entries, and muster rolls found satisfactory. Upayogita Praman Patra niyamit hai."
MPLAD-GU-2023-1310,Smt. Darshana Jardosh,Surat (GJ-24),Gujarat,Surat,Anganwadi & Nutritious Meal Center,21.185645,72.762115,2023-02-14,2023-04-19,2023-07-21,Completed,1916439.84,1889531.43,1862259.33,27272.1,Om Shakti Roadways,REG-GJ-99120,HIJKL8901N,2021-03-22,1834715.65,True,https://mplad-portal.gov.in/photos/geo_proof_310.jpg,"Karya 'Anganwadi & Nutritious Meal Center' at Gram Panchayat Surat successfully completed. Total expenditure Rs 1,862,259.33 verified against Sanction Order 2023/MPLAD/310. Site inspection conducted by Junior Engineer PWD on 21-Jul-2023. All quality benchmarks, MB book entries, and muster rolls found satisfactory. Upayogita Praman Patra niyamit hai."
MPLAD-BI-2024-1311,Shri Arvind Singh,Patna Sahib (BR-30),Bihar,Patna,Drainage Canal Paving,25.61007,85.19804,2023-12-25,2024-03-13,2024-11-20,Completed,3875686.55,3538629.27,3533150.43,5478.84,Eastern Shelter Builders,REG-OD-22104,JKLMN0123Q,2018-04-28,3508112.45,True,https://mplad-portal.gov.in/photos/geo_proof_311.jpg,"Karya 'Drainage Canal Paving' at Gram Panchayat Patna successfully completed. Total expenditure Rs 3,533,150.43 verified against Sanction Order 2023/MPLAD/311. Site inspection conducted by Junior Engineer PWD on 20-Nov-2024. All quality benchmarks, MB book entries, and muster rolls found satisfactory. Upayogita Praman Patra niyamit hai."
MPLAD-MA-2021-1312,Shri Rajesh Patil,Pune (MH-34),Maharashtra,Pune,Public Sanitation Complex & Toilets,18.580372,73.888323,2023-05-29,2023-07-12,,Ongoing,6026889.1,5653967.2,3028373.58,2625593.62,Bharat Engineering Associates,REG-TN-66543,FGHIJ6789L,2021-06-28,5580859.72,False,,"Karya 'Public Sanitation Complex & Toilets' at Gram Panchayat Pune successfully completed. Total expenditure Rs 3,028,373.58 verified against Sanction Order 2023/MPLAD/312. Site inspection conducted by Junior Engineer PWD on 07-May-2024. All quality benchmarks, MB book entries, and muster rolls found satisfactory. Upayogita Praman Patra niyamit hai."
MPLAD-UT-2022-1313,Shri Ramakant Yadav,Azamgarh (UP-69),Uttar Pradesh,Gorakhpur,Solar High-Mast Street Lighting,26.756943,83.330402,2021-06-21,2021-08-11,,Sanctioned,3360526.93,3087995.26,547462.06,2540533.2,Sai Krupa Water Solutions,REG-MP-88321,EFGHI5678K,2014-10-16,3055482.14,False,,"Karya 'Solar High-Mast Street Lighting' at Gram Panchayat Gorakhpur successfully completed. Total expenditure Rs 547,462.06 verified against Sanction Order 2021/MPLAD/313. Site inspection conducted by Junior Engineer PWD on 12-Mar-2022. All quality benchmarks, MB book entries, and muster rolls found satisfactory. Upayogita Praman Patra niyamit hai."
MPLAD-UT-2023-1314,Smt. Priya Sharma,Allahabad (UP-53),Uttar Pradesh,Prayagraj,Community Hall & Cyclone Shelter,25.415805,81.799167,2022-10-09,2022-12-15,2023-05-16,Completed,3482501.12,3338106.24,3184451.13,153655.11,Apex Infra Buildtech Pvt Ltd,REG-UP-98213,AABCA1234F,2018-11-11,3260679.68,True,https://mplad-portal.gov.in/photos/geo_proof_314.jpg,"Karya 'Community Hall & Cyclone Shelter' at Gram Panchayat Prayagraj successfully completed. Total expenditure Rs 3,184,451.13 verified against Sanction Order 2022/MPLAD/314. Site inspection conducted by Junior Engineer PWD on 16-May-2023. All quality benchmarks, MB book entries, and muster rolls found satisfactory. Upayogita Praman Patra niyamit hai."
MPLAD-KA-2024-1315,Shri Tejasvi Surya,Bengaluru South (KA-26),Karnataka,Bengaluru Urban,Public Sanitation Complex & Toilets,12.957717,77.640006,2023-09-16,2023-10-23,2024-03-25,Completed,3886321.1,3881855.04,3862813.18,19041.86,Pioneer Civil Works,REG-RJ-77412,DEFGH4567J,2021-05-04,3838027.83,True,https://mplad-portal.gov.in/photos/geo_proof_315.jpg,"Karya 'Public Sanitation Complex & Toilets' at Gram Panchayat Bengaluru Urban successfully completed. Total expenditure Rs 3,862,813.18 verified against Sanction Order 2023/MPLAD/315. Site inspection conducted by Junior Engineer PWD on 25-Mar-2024. All quality benchmarks, MB book entries, and muster rolls found satisfactory. Upayogita Praman Patra niyamit hai."
MPLAD-CH-2021-1316,Shri Sunil Soni,Raipur (CG-08),Chhattisgarh,Raipur,School Classroom & Lab Building,21.208163,81.674897,2021-11-28,2021-12-25,2022-04-18,Completed,6002567.86,5883028.96,5881989.42,1039.54,Durga Infratech Projects,REG-JH-77651,LMNOP2345S,2016-09-22,5790243.14,False,,"Karya 'School Classroom & Lab Building' at Gram Panchayat Raipur successfully completed. Total expenditure Rs 5,881,989.42 verified against Sanction Order 2021/MPLAD/316. Site inspection conducted by Junior Engineer PWD on 18-Apr-2022. All quality benchmarks, MB book entries, and muster rolls found satisfactory. Upayogita Praman Patra niyamit hai."
MPLAD-KA-2022-1317,Shri Tejasvi Surya,Bengaluru South (KA-26),Karnataka,Bengaluru Urban,Road Construction & Culverts,13.023321,77.590067,2023-06-11,2023-07-07,2023-09-21,Completed,3095845.88,2974807.24,3017002.84,0.0,Shree Balaji Constructions,REG-BR-45210,BCDEF2345G,2016-10-11,2964497.3,True,https://mplad-portal.gov.in/photos/geo_proof_317.jpg,"Karya 'Road Construction & Culverts' at Gram Panchayat Bengaluru Urban successfully completed. Total expenditure Rs 3,017,002.84 verified against Sanction Order 2023/MPLAD/317. Site inspection conducted by Junior Engineer PWD on 21-Sep-2023. All quality benchmarks, MB book entries, and muster rolls found satisfactory. Upayogita Praman Patra niyamit hai."
MPLAD-MA-2023-1318,Shri Suresh Patel,Indore (MP-26),Madhya Pradesh,Indore,Model Digital Library & Smart Class,22.790915,75.908937,2023-10-10,2023-12-20,2024-02-20,Completed,5098189.56,4998219.11,4784199.6,214019.51,Apex Infra Buildtech Pvt Ltd,REG-UP-98213,AABCA1234F,2017-03-03,4756707.5,True,https://mplad-portal.gov.in/photos/geo_proof_318.jpg,"Karya 'Model Digital Library & Smart Class' at Gram Panchayat Indore successfully completed. Total expenditure Rs 4,784,199.60 verified against Sanction Order 2023/MPLAD/318. Site inspection conducted by Junior Engineer PWD on 20-Feb-2024. All quality benchmarks, MB book entries, and muster rolls found satisfactory. Upayogita Praman Patra niyamit hai."
MPLAD-GU-2024-1319,Smt. Darshana Jardosh,Surat (GJ-24),Gujarat,Surat,Deep Borewell & Drinking Water Supply,21.117317,72.75687,2022-05-05,2022-05-20,2022-08-28,Completed,2431558.09,2285526.9,2301653.73,0.0,Eastern Shelter Builders,REG-OD-22104,JKLMN0123Q,2021-05-08,2217584.01,True,https://mplad-portal.gov.in/photos/geo_proof_319.jpg,"Karya 'Deep Borewell & Drinking Water Supply' at Gram Panchayat Surat successfully completed. Total expenditure Rs 2,301,653.73 verified against Sanction Order 2022/MPLAD/319. Site inspection conducted by Junior Engineer PWD on 28-Aug-2022. All quality benchmarks, MB book entries, and muster rolls found satisfactory. Upayogita Praman Patra niyamit hai."
MPLAD-GU-2021-1320,Smt. Darshana Jardosh,Surat (GJ-24),Gujarat,Surat,School Classroom & Lab Building,21.178135,72.867282,2022-12-14,2023-02-11,2023-11-06,Completed,4744543.86,4362382.81,4540641.98,0.0,Shree Balaji Constructions,REG-BR-45210,BCDEF2345G,2017-07-26,4269661.83,True,https://mplad-portal.gov.in/photos/geo_proof_320.jpg,"Karya 'School Classroom & Lab Building' at Gram Panchayat Surat successfully completed. Total expenditure Rs 4,540,641.98 verified against Sanction Order 2022/MPLAD/320. Site inspection conducted by Junior Engineer PWD on 06-Nov-2023. All quality benchmarks, MB book entries, and muster rolls found satisfactory. Upayogita Praman Patra niyamit hai."
MPLAD-MA-2022-1321,Shri Rajesh Patil,Pune (MH-34),Maharashtra,Pune,School Classroom & Lab Building,18.451982,73.82378,2021-08-28,2021-11-16,,Sanctioned,6192031.45,5928804.4,1028931.94,4899872.46,Trimurti Civil Developers,REG-WB-33219,IJKLM9012P,2015-06-01,5918741.87,False,,"Karya 'School Classroom & Lab Building' at Gram Panchayat Pune successfully completed. Total expenditure Rs 1,028,931.94 verified against Sanction Order 2021/MPLAD/321. Site inspection conducted by Junior Engineer PWD on 21-Mar-2022. All quality benchmarks, MB book entries, and muster rolls found satisfactory. Upayogita Praman Patra niyamit hai."
MPLAD-JH-2023-1322,Shri Sanjay Seth,Ranchi (JH-08),Jharkhand,Ranchi,Deep Borewell & Drinking Water Supply,23.417898,85.303016,2023-08-02,2023-10-31,2024-08-06,Completed,1313878.11,1191366.11,1194196.84,0.0,Bharat Engineering Associates,REG-TN-66543,FGHIJ6789L,2020-03-09,1191020.5,True,https://mplad-portal.gov.in/photos/geo_proof_322.jpg,"Karya 'Deep Borewell & Drinking Water Supply' at Gram Panchayat Ranchi successfully completed. Total expenditure Rs 1,194,196.84 verified against Sanction Order 2023/MPLAD/322. Site inspection conducted by Junior Engineer PWD on 06-Aug-2024. All quality benchmarks, MB book entries, and muster rolls found satisfactory. Upayogita Praman Patra niyamit hai."
MPLAD-JH-2024-1323,Shri Sanjay Seth,Ranchi (JH-08),Jharkhand,Ranchi,Anganwadi & Nutritious Meal Center,23.416971,85.312241,2021-01-20,2021-03-09,2021-07-10,Completed,3292514.46,3209802.59,3095723.23,114079.36,Green Valley Infrastructure,REG-KA-55432,GHIJK7890M,2016-09-18,3138312.5,True,https://mplad-portal.gov.in/photos/geo_proof_323.jpg,"Karya 'Anganwadi & Nutritious Meal Center' at Gram Panchayat Ranchi successfully completed. Total expenditure Rs 3,095,723.23 verified against Sanction Order 2021/MPLAD/323. Site inspection conducted by Junior Engineer PWD on 10-Jul-2021. All quality benchmarks, MB book entries, and muster rolls found satisfactory. Upayogita Praman Patra niyamit hai."
MPLAD-OD-2021-1324,Shri Pinaki Mishra,Puri (OD-17),Odisha,Puri,Deep Borewell & Drinking Water Supply,19.776552,85.902739,2022-01-25,2022-04-13,2022-12-17,Completed,5648003.46,5576128.38,5279931.26,296197.12,Eastern Shelter Builders,REG-OD-22104,JKLMN0123Q,2017-04-03,5353854.58,True,https://mplad-portal.gov.in/photos/geo_proof_324.jpg,"Karya 'Deep Borewell & Drinking Water Supply' at Gram Panchayat Puri successfully completed. Total expenditure Rs 5,279,931.26 verified against Sanction Order 2022/MPLAD/324. Site inspection conducted by Junior Engineer PWD on 17-Dec-2022. All quality benchmarks, MB book entries, and muster rolls found satisfactory. Upayogita Praman Patra niyamit hai."
MPLAD-BI-2022-1325,Shri Arvind Singh,Patna Sahib (BR-30),Bihar,Patna,School Classroom & Lab Building,25.66133,85.16573,2023-10-06,2023-10-21,,Sanctioned,7205951.63,7096428.8,658542.45,6437886.35,Shree Balaji Constructions,REG-BR-45210,BCDEF2345G,2019-11-11,6853524.04,False,,"Karya 'School Classroom & Lab Building' at Gram Panchayat Patna successfully completed. Total expenditure Rs 658,542.45 verified against Sanction Order 2023/MPLAD/325. Site inspection conducted by Junior Engineer PWD on 02-Jul-2024. All quality benchmarks, MB book entries, and muster rolls found satisfactory. Upayogita Praman Patra niyamit hai."
MPLAD-WE-2023-1326,Smt. Ananya Sen,Diamond Harbour (WB-21),West Bengal,South 24 Parganas,Solar High-Mast Street Lighting,22.159843,88.145535,2021-09-20,2021-10-11,,Ongoing,3848240.54,3671517.0,1839393.61,1832123.39,Trimurti Civil Developers,REG-WB-33219,IJKLM9012P,2018-12-10,3560218.07,False,,"Karya 'Solar High-Mast Street Lighting' at Gram Panchayat South 24 Parganas successfully completed. Total expenditure Rs 1,839,393.61 verified against Sanction Order 2021/MPLAD/326. Site inspection conducted by Junior Engineer PWD on 23-Apr-2022. All quality benchmarks, MB book entries, and muster rolls found satisfactory. Upayogita Praman Patra niyamit hai."
MPLAD-WE-2024-1327,Smt. Ananya Sen,Diamond Harbour (WB-21),West Bengal,South 24 Parganas,School Classroom & Lab Building,22.197913,88.160504,2021-01-18,2021-02-03,2021-09-23,Completed,4567057.53,4258980.36,4257537.22,1443.14,Durga Infratech Projects,REG-JH-77651,LMNOP2345S,2017-07-27,4101334.37,True,https://mplad-portal.gov.in/photos/geo_proof_327.jpg,"Karya 'School Classroom & Lab Building' at Gram Panchayat South 24 Parganas successfully completed. Total expenditure Rs 4,257,537.22 verified against Sanction Order 2021/MPLAD/327. Site inspection conducted by Junior Engineer PWD on 23-Sep-2021. All quality benchmarks, MB book entries, and muster rolls found satisfactory. Upayogita Praman Patra niyamit hai."
MPLAD-MA-2021-1328,Shri Suresh Patel,Indore (MP-26),Madhya Pradesh,Indore,Drainage Canal Paving,22.694495,75.807126,2023-05-19,2023-06-29,,Ongoing,3106167.4,3060918.64,1260644.89,1800273.75,Eastern Shelter Builders,REG-OD-22104,JKLMN0123Q,2021-02-01,2935404.02,False,,"Karya 'Drainage Canal Paving' at Gram Panchayat Indore successfully completed. Total expenditure Rs 1,260,644.89 verified against Sanction Order 2023/MPLAD/328. Site inspection conducted by Junior Engineer PWD on 13-Dec-2023. All quality benchmarks, MB book entries, and muster rolls found satisfactory. Upayogita Praman Patra niyamit hai."
MPLAD-TA-2022-1329,Shri D. Kathir Anand,Vellore (TN-08),Tamil Nadu,Salem,Deep Borewell & Drinking Water Supply,11.69963,78.194654,2023-06-05,2023-08-07,2023-11-25,Completed,7214035.45,6600516.4,6763792.63,0.0,Shree Balaji Constructions,REG-BR-45210,BCDEF2345G,2016-10-22,6328775.54,True,https://mplad-portal.gov.in/photos/geo_proof_329.jpg,"Karya 'Deep Borewell & Drinking Water Supply' at Gram Panchayat Salem successfully completed. Total expenditure Rs 6,763,792.63 verified against Sanction Order 2023/MPLAD/329. Site inspection conducted by Junior Engineer PWD on 25-Nov-2023. All quality benchmarks, MB book entries, and muster rolls found satisfactory. Upayogita Praman Patra niyamit hai."
MPLAD-MA-2023-1330,Shri Rajesh Patil,Pune (MH-34),Maharashtra,Pune,Anganwadi & Nutritious Meal Center,18.488405,73.866642,2021-04-08,2021-06-12,,Ongoing,920254.64,903121.16,443085.48,460035.68,Om Shakti Roadways,REG-GJ-99120,HIJKL8901N,2015-05-28,886407.2,False,,"Karya 'Anganwadi & Nutritious Meal Center' at Gram Panchayat Pune successfully completed. Total expenditure Rs 443,085.48 verified against Sanction Order 2021/MPLAD/330. Site inspection conducted by Junior Engineer PWD on 05-Sep-2021. All quality benchmarks, MB book entries, and muster rolls found satisfactory. Upayogita Praman Patra niyamit hai."
MPLAD-GU-2024-1331,Smt. Darshana Jardosh,Surat (GJ-24),Gujarat,Surat,Anganwadi & Nutritious Meal Center,21.147954,72.840756,2022-06-12,2022-08-10,2022-10-14,Completed,2957633.43,2862866.67,2859216.18,3650.49,Sai Krupa Water Solutions,REG-MP-88321,EFGHI5678K,2019-09-02,2802296.11,True,https://mplad-portal.gov.in/photos/geo_proof_331.jpg,"Karya 'Anganwadi & Nutritious Meal Center' at Gram Panchayat Surat successfully completed. Total expenditure Rs 2,859,216.18 verified against Sanction Order 2022/MPLAD/331. Site inspection conducted by Junior Engineer PWD on 14-Oct-2022. All quality benchmarks, MB book entries, and muster rolls found satisfactory. Upayogita Praman Patra niyamit hai."
MPLAD-JH-2021-1332,Shri Sanjay Seth,Ranchi (JH-08),Jharkhand,Ranchi,Community Health Center Expansion,23.316114,85.311271,2023-07-05,2023-07-30,2024-01-03,Completed,3746264.57,3730003.7,3852621.96,0.0,Bharat Engineering Associates,REG-TN-66543,FGHIJ6789L,2017-12-16,3662971.93,True,https://mplad-portal.gov.in/photos/geo_proof_332.jpg,"Karya 'Community Health Center Expansion' at Gram Panchayat Ranchi successfully completed. Total expenditure Rs 3,852,621.96 verified against Sanction Order 2023/MPLAD/332. Site inspection conducted by Junior Engineer PWD on 03-Jan-2024. All quality benchmarks, MB book entries, and muster rolls found satisfactory. Upayogita Praman Patra niyamit hai."
MPLAD-KA-2022-1333,Shri Tejasvi Surya,Bengaluru South (KA-26),Karnataka,Bengaluru Urban,Model Digital Library & Smart Class,12.956364,77.659732,2021-06-12,2021-07-17,2021-12-11,Completed,2718147.69,2525527.88,2411301.82,114226.06,Eastern Shelter Builders,REG-OD-22104,JKLMN0123Q,2015-08-21,2480654.84,True,https://mplad-portal.gov.in/photos/geo_proof_333.jpg,"Karya 'Model Digital Library & Smart Class' at Gram Panchayat Bengaluru Urban successfully completed. Total expenditure Rs 2,411,301.82 verified against Sanction Order 2021/MPLAD/333. Site inspection conducted by Junior Engineer PWD on 11-Dec-2021. All quality benchmarks, MB book entries, and muster rolls found satisfactory. Upayogita Praman Patra niyamit hai."
MPLAD-JH-2023-1334,Shri Sanjay Seth,Ranchi (JH-08),Jharkhand,Ranchi,Anganwadi & Nutritious Meal Center,23.358007,85.384084,2023-04-28,2023-06-03,,Sanctioned,1375279.38,1270019.24,79899.14,1190120.1,Durga Infratech Projects,REG-JH-77651,LMNOP2345S,2021-08-09,1253755.08,False,,"Karya 'Anganwadi & Nutritious Meal Center' at Gram Panchayat Ranchi successfully completed. Total expenditure Rs 79,899.14 verified against Sanction Order 2023/MPLAD/334. Site inspection conducted by Junior Engineer PWD on 18-Sep-2023. All quality benchmarks, MB book entries, and muster rolls found satisfactory. Upayogita Praman Patra niyamit hai."
MPLAD-RA-2024-1335,Smt. Meena Devi,Jaipur Rural (RJ-06),Rajasthan,Jaipur,Solar High-Mast Street Lighting,26.848881,75.717507,2023-08-28,2023-11-21,2024-02-02,Completed,3279087.65,3202027.9,2980520.12,221507.78,Green Valley Infrastructure,REG-KA-55432,GHIJK7890M,2018-06-19,3083945.48,True,https://mplad-portal.gov.in/photos/geo_proof_335.jpg,"Karya 'Solar High-Mast Street Lighting' at Gram Panchayat Jaipur successfully completed. Total expenditure Rs 2,980,520.12 verified against Sanction Order 2023/MPLAD/335. Site inspection conducted by Junior Engineer PWD on 02-Feb-2024. All quality benchmarks, MB book entries, and muster rolls found satisfactory. Upayogita Praman Patra niyamit hai."
MPLAD-MA-2021-1336,Shri Suresh Patel,Indore (MP-26),Madhya Pradesh,Indore,Deep Borewell & Drinking Water Supply,22.757615,75.848606,2021-09-16,2021-10-17,,Ongoing,699999.05,676447.52,435732.0,240715.52,Pioneer Civil Works,REG-RJ-77412,DEFGH4567J,2015-07-20,653624.23,False,,"Karya 'Deep Borewell & Drinking Water Supply' at Gram Panchayat Indore successfully completed. Total expenditure Rs 435,732.00 verified against Sanction Order 2021/MPLAD/336. Site inspection conducted by Junior Engineer PWD on 29-Apr-2022. All quality benchmarks, MB book entries, and muster rolls found satisfactory. Upayogita Praman Patra niyamit hai."
MPLAD-WE-2022-1337,Smt. Ananya Sen,Diamond Harbour (WB-21),West Bengal,South 24 Parganas,Community Hall & Cyclone Shelter,22.202767,88.131618,2021-12-29,2022-03-29,2022-10-27,Completed,5742381.21,5671918.58,5538895.4,133023.18,Sai Krupa Water Solutions,REG-MP-88321,EFGHI5678K,2017-04-12,5569763.5,True,https://mplad-portal.gov.in/photos/geo_proof_337.jpg,"Karya 'Community Hall & Cyclone Shelter' at Gram Panchayat South 24 Parganas successfully completed. Total expenditure Rs 5,538,895.40 verified against Sanction Order 2021/MPLAD/337. Site inspection conducted by Junior Engineer PWD on 27-Oct-2022. All quality benchmarks, MB book entries, and muster rolls found satisfactory. Upayogita Praman Patra niyamit hai."
MPLAD-WE-2023-1338,Smt. Ananya Sen,Diamond Harbour (WB-21),West Bengal,South 24 Parganas,Community Hall & Cyclone Shelter,22.243753,88.180698,2023-01-20,2023-03-28,2023-08-01,Completed,573890.73,546534.29,556687.89,0.0,Pioneer Civil Works,REG-RJ-77412,DEFGH4567J,2016-03-26,522932.22,True,https://mplad-portal.gov.in/photos/geo_proof_338.jpg,"Karya 'Community Hall & Cyclone Shelter' at Gram Panchayat South 24 Parganas successfully completed. Total expenditure Rs 556,687.89 verified against Sanction Order 2023/MPLAD/338. Site inspection conducted by Junior Engineer PWD on 01-Aug-2023. All quality benchmarks, MB book entries, and muster rolls found satisfactory. Upayogita Praman Patra niyamit hai."
MPLAD-UT-2024-1339,Shri Ramesh Kumar,Phoolpur (UP-52),Uttar Pradesh,Prayagraj,Drainage Canal Paving,25.403738,81.888839,2022-08-23,2022-10-06,2023-06-26,Completed,3115507.14,2932233.03,2911332.27,20900.76,Om Shakti Roadways,REG-GJ-99120,HIJKL8901N,2017-06-14,2843496.63,True,https://mplad-portal.gov.in/photos/geo_proof_339.jpg,"Karya 'Drainage Canal Paving' at Gram Panchayat Prayagraj successfully completed. Total expenditure Rs 2,911,332.27 verified against Sanction Order 2022/MPLAD/339. Site inspection conducted by Junior Engineer PWD on 26-Jun-2023. All quality benchmarks, MB book entries, and muster rolls found satisfactory. Upayogita Praman Patra niyamit hai."
MPLAD-CH-2021-1340,Shri Sunil Soni,Raipur (CG-08),Chhattisgarh,Raipur,Public Sanitation Complex & Toilets,21.213477,81.617158,2022-05-06,2022-07-26,,Ongoing,4792513.54,4645826.47,1898963.2,2746863.27,Pioneer Civil Works,REG-RJ-77412,DEFGH4567J,2015-07-24,4564166.09,False,,"Karya 'Public Sanitation Complex & Toilets' at Gram Panchayat Raipur successfully completed. Total expenditure Rs 1,898,963.20 verified against Sanction Order 2022/MPLAD/340. Site inspection conducted by Junior Engineer PWD on 07-Apr-2023. All quality benchmarks, MB book entries, and muster rolls found satisfactory. Upayogita Praman Patra niyamit hai."
MPLAD-JH-2022-1341,Shri Sanjay Seth,Ranchi (JH-08),Jharkhand,Ranchi,Community Health Center Expansion,23.29418,85.240554,2021-10-07,2021-11-28,2022-02-24,Completed,4824105.9,4472975.7,4477260.77,0.0,Green Valley Infrastructure,REG-KA-55432,GHIJK7890M,2020-05-22,4291325.8,False,,"Karya 'Community Health Center Expansion' at Gram Panchayat Ranchi successfully completed. Total expenditure Rs 4,477,260.77 verified against Sanction Order 2021/MPLAD/341. Site inspection conducted by Junior Engineer PWD on 24-Feb-2022. All quality benchmarks, MB book entries, and muster rolls found satisfactory. Upayogita Praman Patra niyamit hai."
MPLAD-MA-2023-1342,Shri Rajesh Patil,Pune (MH-34),Maharashtra,Pune,Road Construction & Culverts,18.595973,73.821838,2021-09-14,2021-11-24,2022-07-28,Completed,1131378.88,1019906.93,967110.89,52796.04,National Highway Contractors,REG-MH-11209,CDEFG3456H,2015-04-18,990342.02,True,https://mplad-portal.gov.in/photos/geo_proof_342.jpg,"Karya 'Road Construction & Culverts' at Gram Panchayat Pune successfully completed. Total expenditure Rs 967,110.89 verified against Sanction Order 2021/MPLAD/342. Site inspection conducted by Junior Engineer PWD on 28-Jul-2022. All quality benchmarks, MB book entries, and muster rolls found satisfactory. Upayogita Praman Patra niyamit hai."
MPLAD-OD-2024-1343,Shri Pinaki Mishra,Puri (OD-17),Odisha,Puri,Drainage Canal Paving,19.860128,85.80404,2021-10-27,2021-11-18,,Ongoing,999692.86,946723.81,356798.35,589925.46,Durga Infratech Projects,REG-JH-77651,LMNOP2345S,2016-09-21,939222.88,False,,"Karya 'Drainage Canal Paving' at Gram Panchayat Puri successfully completed. Total expenditure Rs 356,798.35 verified against Sanction Order 2021/MPLAD/343. Site inspection conducted by Junior Engineer PWD on 26-Mar-2022. All quality benchmarks, MB book entries, and muster rolls found satisfactory. Upayogita Praman Patra niyamit hai."
MPLAD-CH-2021-1344,Shri Sunil Soni,Raipur (CG-08),Chhattisgarh,Raipur,Road Construction & Culverts,21.327336,81.663949,2023-02-28,2023-05-10,,Ongoing,734572.04,694966.46,422816.47,272149.99,Shree Balaji Constructions,REG-BR-45210,BCDEF2345G,2020-01-02,678326.85,False,,"Karya 'Road Construction & Culverts' at Gram Panchayat Raipur successfully completed. Total expenditure Rs 422,816.47 verified against Sanction Order 2023/MPLAD/344. Site inspection conducted by Junior Engineer PWD on 10-Sep-2023. All quality benchmarks, MB book entries, and muster rolls found satisfactory. Upayogita Praman Patra niyamit hai."
MPLAD-WE-2022-1345,Smt. Ananya Sen,Diamond Harbour (WB-21),West Bengal,South 24 Parganas,Public Sanitation Complex & Toilets,22.268794,88.259794,2021-11-21,2021-12-11,,Sanctioned,4146483.77,3836871.11,612479.75,3224391.36,Surya Power & Solar Ltd,REG-DL-44321,KLMNO1234R,2020-06-26,3683151.4,False,,"Karya 'Public Sanitation Complex & Toilets' at Gram Panchayat South 24 Parganas successfully completed. Total expenditure Rs 612,479.75 verified against Sanction Order 2021/MPLAD/345. Site inspection conducted by Junior Engineer PWD on 18-Aug-2022. All quality benchmarks, MB book entries, and muster rolls found satisfactory. Upayogita Praman Patra niyamit hai."
MPLAD-CH-2023-1346,Shri Sunil Soni,Raipur (CG-08),Chhattisgarh,Raipur,Deep Borewell & Drinking Water Supply,21.209155,81.619066,2021-01-31,2021-03-08,2021-11-26,Completed,1337547.14,1309344.13,1206116.59,103227.54,Shree Balaji Constructions,REG-BR-45210,BCDEF2345G,2014-12-08,1246626.11,True,https://mplad-portal.gov.in/photos/geo_proof_346.jpg,"Karya 'Deep Borewell & Drinking Water Supply' at Gram Panchayat Raipur successfully completed. Total expenditure Rs 1,206,116.59 verified against Sanction Order 2021/MPLAD/346. Site inspection conducted by Junior Engineer PWD on 26-Nov-2021. All quality benchmarks, MB book entries, and muster rolls found satisfactory. Upayogita Praman Patra niyamit hai."
MPLAD-GU-2024-1347,Smt. Darshana Jardosh,Surat (GJ-24),Gujarat,Surat,Model Digital Library & Smart Class,21.149624,72.765417,2021-11-19,2022-02-05,,Ongoing,2868954.68,2860247.89,1727086.51,1133161.38,National Highway Contractors,REG-MH-11209,CDEFG3456H,2017-01-28,2725823.72,False,,"Karya 'Model Digital Library & Smart Class' at Gram Panchayat Surat successfully completed. Total expenditure Rs 1,727,086.51 verified against Sanction Order 2021/MPLAD/347. Site inspection conducted by Junior Engineer PWD on 29-Apr-2022. All quality benchmarks, MB book entries, and muster rolls found satisfactory. Upayogita Praman Patra niyamit hai."
MPLAD-KA-2021-1348,Shri Tejasvi Surya,Bengaluru South (KA-26),Karnataka,Bengaluru Urban,Solar High-Mast Street Lighting,12.977417,77.531783,2023-09-27,2023-11-10,,Stalled,6019932.78,5873466.32,1182806.54,4690659.78,Durga Infratech Projects,REG-JH-77651,LMNOP2345S,2020-10-02,5708633.04,False,,"Karya 'Solar High-Mast Street Lighting' at Gram Panchayat Bengaluru Urban successfully completed. Total expenditure Rs 1,182,806.54 verified against Sanction Order 2023/MPLAD/348. Site inspection conducted by Junior Engineer PWD on 30-Mar-2024. All quality benchmarks, MB book entries, and muster rolls found satisfactory. Upayogita Praman Patra niyamit hai."
MPLAD-UT-2022-1349,Shri Ramesh Kumar,Phoolpur (UP-52),Uttar Pradesh,Prayagraj,Public Sanitation Complex & Toilets,25.471704,81.806411,2021-03-22,2021-06-07,2022-02-02,Completed,2563002.18,2485352.9,2347840.46,137512.44,Bharat Engineering Associates,REG-TN-66543,FGHIJ6789L,2015-02-24,2384276.92,True,https://mplad-portal.gov.in/photos/geo_proof_349.jpg,"Karya 'Public Sanitation Complex & Toilets' at Gram Panchayat Prayagraj successfully completed. Total expenditure Rs 2,347,840.46 verified against Sanction Order 2021/MPLAD/349. Site inspection conducted by Junior Engineer PWD on 02-Feb-2022. All quality benchmarks, MB book entries, and muster rolls found satisfactory. Upayogita Praman Patra niyamit hai."
MPLAD-MA-2023-1350,Shri Suresh Patel,Indore (MP-26),Madhya Pradesh,Indore,Model Digital Library & Smart Class,22.665255,75.862682,2023-07-10,2023-08-31,2024-05-26,Completed,3069788.95,2763031.03,2771163.7,0.0,Trimurti Civil Developers,REG-WB-33219,IJKLM9012P,2022-06-29,2677244.94,True,https://mplad-portal.gov.in/photos/geo_proof_350.jpg,"Karya 'Model Digital Library & Smart Class' at Gram Panchayat Indore successfully completed. Total expenditure Rs 2,771,163.70 verified against Sanction Order 2023/MPLAD/350. Site inspection conducted by Junior Engineer PWD on 26-May-2024. All quality benchmarks, MB book entries, and muster rolls found satisfactory. Upayogita Praman Patra niyamit hai."
MPLAD-TA-2024-1351,Shri D. Kathir Anand,Vellore (TN-08),Tamil Nadu,Salem,Anganwadi & Nutritious Meal Center,11.622506,78.181361,2023-03-05,2023-04-13,,Ongoing,5860138.67,5364448.01,2216866.9,3147581.11,Eastern Shelter Builders,REG-OD-22104,JKLMN0123Q,2018-09-28,5206144.36,False,,"Karya 'Anganwadi & Nutritious Meal Center' at Gram Panchayat Salem successfully completed. Total expenditure Rs 2,216,866.90 verified against Sanction Order 2023/MPLAD/351. Site inspection conducted by Junior Engineer PWD on 24-Oct-2023. All quality benchmarks, MB book entries, and muster rolls found satisfactory. Upayogita Praman Patra niyamit hai."
MPLAD-UT-2021-1352,Smt. Priya Sharma,Allahabad (UP-53),Uttar Pradesh,Prayagraj,School Classroom & Lab Building,25.461223,81.773304,2021-09-23,2021-10-30,2022-08-09,Completed,1249386.18,1148387.88,1061266.85,87121.03,Trimurti Civil Developers,REG-WB-33219,IJKLM9012P,2015-06-01,1127817.48,True,https://mplad-portal.gov.in/photos/geo_proof_352.jpg,"Karya 'School Classroom & Lab Building' at Gram Panchayat Prayagraj successfully completed. Total expenditure Rs 1,061,266.85 verified against Sanction Order 2021/MPLAD/352. Site inspection conducted by Junior Engineer PWD on 09-Aug-2022. All quality benchmarks, MB book entries, and muster rolls found satisfactory. Upayogita Praman Patra niyamit hai."
MPLAD-MA-2022-1353,Shri Rajesh Patil,Pune (MH-34),Maharashtra,Pune,Model Digital Library & Smart Class,18.534848,73.784554,2022-03-29,2022-04-22,,Sanctioned,1961166.65,1861422.79,414058.29,1447364.5,Durga Infratech Projects,REG-JH-77651,LMNOP2345S,2020-09-27,1775793.32,False,,"Karya 'Model Digital Library & Smart Class' at Gram Panchayat Pune successfully completed. Total expenditure Rs 414,058.29 verified against Sanction Order 2022/MPLAD/353. Site inspection conducted by Junior Engineer PWD on 24-Jun-2022. All quality benchmarks, MB book entries, and muster rolls found satisfactory. Upayogita Praman Patra niyamit hai."
MPLAD-OD-2023-1354,Shri Pinaki Mishra,Puri (OD-17),Odisha,Puri,Community Hall & Cyclone Shelter,19.883619,85.817753,2023-01-26,2023-02-17,2023-11-14,Completed,4203145.82,4091468.38,4207990.72,0.0,Durga Infratech Projects,REG-JH-77651,LMNOP2345S,2016-06-04,3902838.47,True,https://mplad-portal.gov.in/photos/geo_proof_354.jpg,"Karya 'Community Hall & Cyclone Shelter' at Gram Panchayat Puri successfully completed. Total expenditure Rs 4,207,990.72 verified against Sanction Order 2023/MPLAD/354. Site inspection conducted by Junior Engineer PWD on 14-Nov-2023. All quality benchmarks, MB book entries, and muster rolls found satisfactory. Upayogita Praman Patra niyamit hai."
MPLAD-UT-2024-1355,Smt. Priya Sharma,Allahabad (UP-53),Uttar Pradesh,Prayagraj,School Classroom & Lab Building,25.392763,81.827953,2022-01-31,2022-04-23,2022-12-07,Completed,4877275.37,4476801.26,4554676.41,0.0,Durga Infratech Projects,REG-JH-77651,LMNOP2345S,2017-04-01,4345896.14,True,https://mplad-portal.gov.in/photos/geo_proof_355.jpg,"Karya 'School Classroom & Lab Building' at Gram Panchayat Prayagraj successfully completed. Total expenditure Rs 4,554,676.41 verified against Sanction Order 2022/MPLAD/355. Site inspection conducted by Junior Engineer PWD on 07-Dec-2022. All quality benchmarks, MB book entries, and muster rolls found satisfactory. Upayogita Praman Patra niyamit hai."
MPLAD-KA-2021-1356,Shri Tejasvi Surya,Bengaluru South (KA-26),Karnataka,Bengaluru Urban,Drainage Canal Paving,12.998039,77.655852,2021-12-08,2022-01-15,2022-08-03,Completed,2862590.09,2621610.52,2752157.19,0.0,Durga Infratech Projects,REG-JH-77651,LMNOP2345S,2017-08-01,2548600.26,True,https://mplad-portal.gov.in/photos/geo_proof_356.jpg,"Karya 'Drainage Canal Paving' at Gram Panchayat Bengaluru Urban successfully completed. Total expenditure Rs 2,752,157.19 verified against Sanction Order 2021/MPLAD/356. Site inspection conducted by Junior Engineer PWD on 03-Aug-2022. All quality benchmarks, MB book entries, and muster rolls found satisfactory. Upayogita Praman Patra niyamit hai."
MPLAD-MA-2022-1357,Shri Rajesh Patil,Pune (MH-34),Maharashtra,Pune,Anganwadi & Nutritious Meal Center,18.506375,73.878019,2022-10-25,2022-12-09,2023-07-01,Completed,3125441.52,2984871.26,3035002.73,0.0,Bharat Engineering Associates,REG-TN-66543,FGHIJ6789L,2017-07-17,2889356.65,True,https://mplad-portal.gov.in/photos/geo_proof_357.jpg,"Karya 'Anganwadi & Nutritious Meal Center' at Gram Panchayat Pune successfully completed. Total expenditure Rs 3,035,002.73 verified against Sanction Order 2022/MPLAD/357. Site inspection conducted by Junior Engineer PWD on 01-Jul-2023. All quality benchmarks, MB book entries, and muster rolls found satisfactory. Upayogita Praman Patra niyamit hai."
MPLAD-UT-2023-1358,Shri Ramesh Kumar,Phoolpur (UP-52),Uttar Pradesh,Prayagraj,Road Construction & Culverts,25.451122,81.849117,2022-09-11,2022-09-26,,Stalled,2003759.69,1866483.05,360008.68,1506474.37,Sai Krupa Water Solutions,REG-MP-88321,EFGHI5678K,2018-10-12,1861196.04,False,,"Karya 'Road Construction & Culverts' at Gram Panchayat Prayagraj successfully completed. Total expenditure Rs 360,008.68 verified against Sanction Order 2022/MPLAD/358. Site inspection conducted by Junior Engineer PWD on 09-Feb-2023. All quality benchmarks, MB book entries, and muster rolls found satisfactory. Upayogita Praman Patra niyamit hai."
MPLAD-UT-2024-1359,Shri Ravi Shankar,Varanasi (UP-77),Uttar Pradesh,Varanasi,Community Hall & Cyclone Shelter,25.326612,83.042048,2021-11-13,2021-12-10,2022-02-17,Completed,1592749.74,1475680.75,1528290.68,0.0,Trimurti Civil Developers,REG-WB-33219,IJKLM9012P,2017-09-05,1420332.16,True,https://mplad-portal.gov.in/photos/geo_proof_359.jpg,"Karya 'Community Hall & Cyclone Shelter' at Gram Panchayat Varanasi successfully completed. Total expenditure Rs 1,528,290.68 verified against Sanction Order 2021/MPLAD/359. Site inspection conducted by Junior Engineer PWD on 17-Feb-2022. All quality benchmarks, MB book entries, and muster rolls found satisfactory. Upayogita Praman Patra niyamit hai."
MPLAD-UT-2021-1360,Smt. Priya Sharma,Allahabad (UP-53),Uttar Pradesh,Prayagraj,Model Digital Library & Smart Class,25.44685,81.80109,2021-06-08,2021-08-03,2022-04-22,Completed,3917934.79,3878373.09,3922471.07,0.0,Green Valley Infrastructure,REG-KA-55432,GHIJK7890M,2017-03-31,3843373.73,False,,"Karya 'Model Digital Library & Smart Class' at Gram Panchayat Prayagraj successfully completed. Total expenditure Rs 3,922,471.07 verified against Sanction Order 2021/MPLAD/360. Site inspection conducted by Junior Engineer PWD on 22-Apr-2022. All quality benchmarks, MB book entries, and muster rolls found satisfactory. Upayogita Praman Patra niyamit hai."
MPLAD-UT-2022-1361,Shri Ramesh Kumar,Phoolpur (UP-52),Uttar Pradesh,Prayagraj,Model Digital Library & Smart Class,25.368356,81.775248,2022-11-16,2023-01-14,,Ongoing,3415651.99,3370507.69,2183801.16,1186706.53,Green Valley Infrastructure,REG-KA-55432,GHIJK7890M,2021-12-05,3240189.99,False,,"Karya 'Model Digital Library & Smart Class' at Gram Panchayat Prayagraj successfully completed. Total expenditure Rs 2,183,801.16 verified against Sanction Order 2022/MPLAD/361. Site inspection conducted by Junior Engineer PWD on 26-Oct-2023. All quality benchmarks, MB book entries, and muster rolls found satisfactory. Upayogita Praman Patra niyamit hai."
MPLAD-KA-2023-1362,Shri Tejasvi Surya,Bengaluru South (KA-26),Karnataka,Bengaluru Urban,Public Sanitation Complex & Toilets,12.940365,77.521189,2021-11-03,2021-12-29,,Ongoing,1572382.38,1521065.36,1063143.95,457921.41,Apex Infra Buildtech Pvt Ltd,REG-UP-98213,AABCA1234F,2015-05-12,1518862.88,False,,"Karya 'Public Sanitation Complex & Toilets' at Gram Panchayat Bengaluru Urban successfully completed. Total expenditure Rs 1,063,143.95 verified against Sanction Order 2021/MPLAD/362. Site inspection conducted by Junior Engineer PWD on 05-Jul-2022. All quality benchmarks, MB book entries, and muster rolls found satisfactory. Upayogita Praman Patra niyamit hai."
MPLAD-UT-2024-1363,Smt. Priya Sharma,Allahabad (UP-53),Uttar Pradesh,Prayagraj,Deep Borewell & Drinking Water Supply,25.402165,81.829392,2021-09-28,2021-11-25,2022-02-14,Completed,5717205.27,5458874.72,5208489.99,250384.73,Green Valley Infrastructure,REG-KA-55432,GHIJK7890M,2019-06-17,5294706.44,True,https://mplad-portal.gov.in/photos/geo_proof_363.jpg,"Karya 'Deep Borewell & Drinking Water Supply' at Gram Panchayat Prayagraj successfully completed. Total expenditure Rs 5,208,489.99 verified against Sanction Order 2021/MPLAD/363. Site inspection conducted by Junior Engineer PWD on 14-Feb-2022. All quality benchmarks, MB book entries, and muster rolls found satisfactory. Upayogita Praman Patra niyamit hai."
MPLAD-JH-2021-1364,Shri Sanjay Seth,Ranchi (JH-08),Jharkhand,Ranchi,Solar High-Mast Street Lighting,23.353587,85.307658,2022-02-06,2022-05-03,,Stalled,4169734.48,3853799.99,256525.39,3597274.6,Om Shakti Roadways,REG-GJ-99120,HIJKL8901N,2020-04-11,3743979.36,False,,"Karya 'Solar High-Mast Street Lighting' at Gram Panchayat Ranchi successfully completed. Total expenditure Rs 256,525.39 verified against Sanction Order 2022/MPLAD/364. Site inspection conducted by Junior Engineer PWD on 06-Dec-2022. All quality benchmarks, MB book entries, and muster rolls found satisfactory. Upayogita Praman Patra niyamit hai."
MPLAD-UT-2022-1365,Smt. Priya Sharma,Allahabad (UP-53),Uttar Pradesh,Prayagraj,Public Sanitation Complex & Toilets,25.414243,81.796778,2022-12-07,2022-12-25,2023-09-08,Completed,7413563.42,7129046.42,7476378.51,0.0,Green Valley Infrastructure,REG-KA-55432,GHIJK7890M,2021-08-11,6930220.92,True,https://mplad-portal.gov.in/photos/geo_proof_365.jpg,"Karya 'Public Sanitation Complex & Toilets' at Gram Panchayat Prayagraj successfully completed. Total expenditure Rs 7,476,378.51 verified against Sanction Order 2022/MPLAD/365. Site inspection conducted by Junior Engineer PWD on 08-Sep-2023. All quality benchmarks, MB book entries, and muster rolls found satisfactory. Upayogita Praman Patra niyamit hai."
MPLAD-UT-2023-1366,Shri Ravi Shankar,Varanasi (UP-77),Uttar Pradesh,Varanasi,Deep Borewell & Drinking Water Supply,25.347257,82.918859,2021-06-25,2021-07-24,2022-03-30,Completed,7142586.41,7090252.46,7323789.82,0.0,Pioneer Civil Works,REG-RJ-77412,DEFGH4567J,2019-06-01,7026487.68,False,,"Karya 'Deep Borewell & Drinking Water Supply' at Gram Panchayat Varanasi successfully completed. Total expenditure Rs 7,323,789.82 verified against Sanction Order 2021/MPLAD/366. Site inspection conducted by Junior Engineer PWD on 30-Mar-2022. All quality benchmarks, MB book entries, and muster rolls found satisfactory. Upayogita Praman Patra niyamit hai."
MPLAD-MA-2024-1367,Shri Suresh Patel,Indore (MP-26),Madhya Pradesh,Indore,Drainage Canal Paving,22.64324,75.811142,2022-03-10,2022-04-20,2022-11-05,Completed,2310606.02,2191153.77,2223780.19,0.0,Om Shakti Roadways,REG-GJ-99120,HIJKL8901N,2021-02-28,2097081.78,True,https://mplad-portal.gov.in/photos/geo_proof_367.jpg,"Karya 'Drainage Canal Paving' at Gram Panchayat Indore successfully completed. Total expenditure Rs 2,223,780.19 verified against Sanction Order 2022/MPLAD/367. Site inspection conducted by Junior Engineer PWD on 05-Nov-2022. All quality benchmarks, MB book entries, and muster rolls found satisfactory. Upayogita Praman Patra niyamit hai."
MPLAD-UT-2021-1368,Shri Ramakant Yadav,Azamgarh (UP-69),Uttar Pradesh,Gorakhpur,Model Digital Library & Smart Class,26.764888,83.334073,2021-05-04,2021-06-24,,Ongoing,4825753.43,4368795.72,2454840.07,1913955.65,Surya Power & Solar Ltd,REG-DL-44321,KLMNO1234R,2016-02-29,4152176.45,False,,"Karya 'Model Digital Library & Smart Class' at Gram Panchayat Gorakhpur successfully completed. Total expenditure Rs 2,454,840.07 verified against Sanction Order 2021/MPLAD/368. Site inspection conducted by Junior Engineer PWD on 13-Oct-2021. All quality benchmarks, MB book entries, and muster rolls found satisfactory. Upayogita Praman Patra niyamit hai."
MPLAD-KA-2022-1369,Shri Tejasvi Surya,Bengaluru South (KA-26),Karnataka,Bengaluru Urban,Community Health Center Expansion,13.027933,77.620216,2021-08-09,2021-08-26,,Sanctioned,5045878.01,4657935.07,443320.37,4214614.7,Surya Power & Solar Ltd,REG-DL-44321,KLMNO1234R,2019-09-02,4652488.07,False,,"Karya 'Community Health Center Expansion' at Gram Panchayat Bengaluru Urban successfully completed. Total expenditure Rs 443,320.37 verified against Sanction Order 2021/MPLAD/369. Site inspection conducted by Junior Engineer PWD on 07-Jan-2022. All quality benchmarks, MB book entries, and muster rolls found satisfactory. Upayogita Praman Patra niyamit hai."
MPLAD-UT-2023-1370,Shri Ravi Shankar,Varanasi (UP-77),Uttar Pradesh,Varanasi,Anganwadi & Nutritious Meal Center,25.376284,82.97895,2022-01-17,2022-02-26,,Stalled,4424812.79,4297585.79,42709.84,4254875.95,Om Shakti Roadways,REG-GJ-99120,HIJKL8901N,2017-10-22,4280883.25,False,,"Karya 'Anganwadi & Nutritious Meal Center' at Gram Panchayat Varanasi successfully completed. Total expenditure Rs 42,709.84 verified against Sanction Order 2022/MPLAD/370. Site inspection conducted by Junior Engineer PWD on 02-Sep-2022. All quality benchmarks, MB book entries, and muster rolls found satisfactory. Upayogita Praman Patra niyamit hai."
MPLAD-OD-2024-1371,Shri Pinaki Mishra,Puri (OD-17),Odisha,Puri,Drainage Canal Paving,19.852603,85.75414,2022-12-22,2023-02-20,2023-09-28,Completed,7471960.88,7455961.79,7126886.77,329075.02,Green Valley Infrastructure,REG-KA-55432,GHIJK7890M,2017-10-24,7106280.8,True,https://mplad-portal.gov.in/photos/geo_proof_371.jpg,"Karya 'Drainage Canal Paving' at Gram Panchayat Puri successfully completed. Total expenditure Rs 7,126,886.77 verified against Sanction Order 2022/MPLAD/371. Site inspection conducted by Junior Engineer PWD on 28-Sep-2023. All quality benchmarks, MB book entries, and muster rolls found satisfactory. Upayogita Praman Patra niyamit hai."
MPLAD-UT-2021-1372,Shri Ravi Shankar,Varanasi (UP-77),Uttar Pradesh,Varanasi,Road Construction & Culverts,25.389459,82.929993,2022-12-01,2023-02-04,2023-09-20,Completed,5609227.65,5340387.38,5383854.59,0.0,Trimurti Civil Developers,REG-WB-33219,IJKLM9012P,2017-06-01,5306396.21,True,https://mplad-portal.gov.in/photos/geo_proof_372.jpg,"Karya 'Road Construction & Culverts' at Gram Panchayat Varanasi successfully completed. Total expenditure Rs 5,383,854.59 verified against Sanction Order 2022/MPLAD/372. Site inspection conducted by Junior Engineer PWD on 20-Sep-2023. All quality benchmarks, MB book entries, and muster rolls found satisfactory. Upayogita Praman Patra niyamit hai."
MPLAD-RA-2022-1373,Smt. Meena Devi,Jaipur Rural (RJ-06),Rajasthan,Jaipur,Model Digital Library & Smart Class,26.900634,75.757281,2022-11-06,2023-01-17,2023-08-03,Completed,5067308.52,4855003.85,4898341.18,0.0,National Highway Contractors,REG-MH-11209,CDEFG3456H,2016-02-26,4661364.51,True,https://mplad-portal.gov.in/photos/geo_proof_373.jpg,"Karya 'Model Digital Library & Smart Class' at Gram Panchayat Jaipur successfully completed. Total expenditure Rs 4,898,341.18 verified against Sanction Order 2022/MPLAD/373. Site inspection conducted by Junior Engineer PWD on 03-Aug-2023. All quality benchmarks, MB book entries, and muster rolls found satisfactory. Upayogita Praman Patra niyamit hai."
MPLAD-UT-2023-1374,Shri Ravi Shankar,Varanasi (UP-77),Uttar Pradesh,Varanasi,Solar High-Mast Street Lighting,25.39691,83.050024,2021-10-25,2022-01-20,2022-11-10,Completed,974698.29,929176.13,941745.34,0.0,Green Valley Infrastructure,REG-KA-55432,GHIJK7890M,2019-05-13,891272.03,True,https://mplad-portal.gov.in/photos/geo_proof_374.jpg,"Karya 'Solar High-Mast Street Lighting' at Gram Panchayat Varanasi successfully completed. Total expenditure Rs 941,745.34 verified against Sanction Order 2021/MPLAD/374. Site inspection conducted by Junior Engineer PWD on 10-Nov-2022. All quality benchmarks, MB book entries, and muster rolls found satisfactory. Upayogita Praman Patra niyamit hai."
MPLAD-GU-2024-1375,Smt. Darshana Jardosh,Surat (GJ-24),Gujarat,Surat,Road Construction & Culverts,21.231021,72.817346,2023-04-23,2023-06-15,,Ongoing,6251889.61,6024850.61,3586809.53,2438041.08,Bharat Engineering Associates,REG-TN-66543,FGHIJ6789L,2020-05-19,5769384.01,False,,"Karya 'Road Construction & Culverts' at Gram Panchayat Surat successfully completed. Total expenditure Rs 3,586,809.53 verified against Sanction Order 2023/MPLAD/375. Site inspection conducted by Junior Engineer PWD on 05-Dec-2023. All quality benchmarks, MB book entries, and muster rolls found satisfactory. Upayogita Praman Patra niyamit hai."
MPLAD-UT-2021-1376,Smt. Priya Sharma,Allahabad (UP-53),Uttar Pradesh,Prayagraj,Solar High-Mast Street Lighting,25.359992,81.924053,2022-07-01,2022-09-26,2023-04-30,Completed,2125277.74,2058836.86,1990285.77,68551.09,National Highway Contractors,REG-MH-11209,CDEFG3456H,2016-01-17,2026733.55,True,https://mplad-portal.gov.in/photos/geo_proof_376.jpg,"Karya 'Solar High-Mast Street Lighting' at Gram Panchayat Prayagraj successfully completed. Total expenditure Rs 1,990,285.77 verified against Sanction Order 2022/MPLAD/376. Site inspection conducted by Junior Engineer PWD on 30-Apr-2023. All quality benchmarks, MB book entries, and muster rolls found satisfactory. Upayogita Praman Patra niyamit hai."
MPLAD-CH-2022-1377,Shri Sunil Soni,Raipur (CG-08),Chhattisgarh,Raipur,Model Digital Library & Smart Class,21.285323,81.609434,2023-03-05,2023-05-21,2023-11-18,Completed,1852818.81,1673508.48,1705957.89,0.0,Om Shakti Roadways,REG-GJ-99120,HIJKL8901N,2017-09-21,1591089.38,True,https://mplad-portal.gov.in/photos/geo_proof_377.jpg,"Karya 'Model Digital Library & Smart Class' at Gram Panchayat Raipur successfully completed. Total expenditure Rs 1,705,957.89 verified against Sanction Order 2023/MPLAD/377. Site inspection conducted by Junior Engineer PWD on 18-Nov-2023. All quality benchmarks, MB book entries, and muster rolls found satisfactory. Upayogita Praman Patra niyamit hai."
MPLAD-RA-2023-1378,Smt. Meena Devi,Jaipur Rural (RJ-06),Rajasthan,Jaipur,Deep Borewell & Drinking Water Supply,26.842982,75.855637,2023-06-19,2023-09-04,2024-04-27,Completed,3702814.51,3423912.54,3330209.23,93703.31,Pioneer Civil Works,REG-RJ-77412,DEFGH4567J,2018-05-18,3259877.39,True,https://mplad-portal.gov.in/photos/geo_proof_378.jpg,"Karya 'Deep Borewell & Drinking Water Supply' at Gram Panchayat Jaipur successfully completed. Total expenditure Rs 3,330,209.23 verified against Sanction Order 2023/MPLAD/378. Site inspection conducted by Junior Engineer PWD on 27-Apr-2024. All quality benchmarks, MB book entries, and muster rolls found satisfactory. Upayogita Praman Patra niyamit hai."
MPLAD-GU-2024-1379,Smt. Darshana Jardosh,Surat (GJ-24),Gujarat,Surat,Anganwadi & Nutritious Meal Center,21.188041,72.869895,2023-12-12,2023-12-31,2024-07-11,Completed,3698302.97,3653097.49,3777709.73,0.0,Green Valley Infrastructure,REG-KA-55432,GHIJK7890M,2022-09-08,3515324.87,True,https://mplad-portal.gov.in/photos/geo_proof_379.jpg,"Karya 'Anganwadi & Nutritious Meal Center' at Gram Panchayat Surat successfully completed. Total expenditure Rs 3,777,709.73 verified against Sanction Order 2023/MPLAD/379. Site inspection conducted by Junior Engineer PWD on 11-Jul-2024. All quality benchmarks, MB book entries, and muster rolls found satisfactory. Upayogita Praman Patra niyamit hai."
MPLAD-MA-2021-1380,Shri Rajesh Patil,Pune (MH-34),Maharashtra,Pune,Public Sanitation Complex & Toilets,18.562826,73.930715,2022-01-24,2022-03-17,2022-09-05,Completed,2631879.03,2586510.96,2534716.42,51794.54,Trimurti Civil Developers,REG-WB-33219,IJKLM9012P,2020-08-19,2511820.57,True,https://mplad-portal.gov.in/photos/geo_proof_380.jpg,"Karya 'Public Sanitation Complex & Toilets' at Gram Panchayat Pune successfully completed. Total expenditure Rs 2,534,716.42 verified against Sanction Order 2022/MPLAD/380. Site inspection conducted by Junior Engineer PWD on 05-Sep-2022. All quality benchmarks, MB book entries, and muster rolls found satisfactory. Upayogita Praman Patra niyamit hai."
MPLAD-GU-2022-1381,Smt. Darshana Jardosh,Surat (GJ-24),Gujarat,Surat,Community Hall & Cyclone Shelter,21.164373,72.854476,2021-07-05,2021-09-22,2021-12-19,Completed,4598134.05,4549544.66,4508748.55,40796.11,National Highway Contractors,REG-MH-11209,CDEFG3456H,2020-05-29,4411481.16,True,https://mplad-portal.gov.in/photos/geo_proof_381.jpg,"Karya 'Community Hall & Cyclone Shelter' at Gram Panchayat Surat successfully completed. Total expenditure Rs 4,508,748.55 verified against Sanction Order 2021/MPLAD/381. Site inspection conducted by Junior Engineer PWD on 19-Dec-2021. All quality benchmarks, MB book entries, and muster rolls found satisfactory. Upayogita Praman Patra niyamit hai."
MPLAD-BI-2023-1382,Shri Arvind Singh,Patna Sahib (BR-30),Bihar,Patna,Drainage Canal Paving,25.657559,85.200927,2023-07-21,2023-08-16,2023-12-18,Completed,5040035.01,4894614.75,4607394.96,287219.79,Eastern Shelter Builders,REG-OD-22104,JKLMN0123Q,2017-09-10,4829335.84,False,,"Karya 'Drainage Canal Paving' at Gram Panchayat Patna successfully completed. Total expenditure Rs 4,607,394.96 verified against Sanction Order 2023/MPLAD/382. Site inspection conducted by Junior Engineer PWD on 18-Dec-2023. All quality benchmarks, MB book entries, and muster rolls found satisfactory. Upayogita Praman Patra niyamit hai."
MPLAD-KA-2024-1383,Shri Tejasvi Surya,Bengaluru South (KA-26),Karnataka,Bengaluru Urban,Anganwadi & Nutritious Meal Center,12.975411,77.576054,2023-11-14,2023-12-19,2024-05-23,Completed,807342.58,740404.59,713435.43,26969.16,Shree Balaji Constructions,REG-BR-45210,BCDEF2345G,2021-03-25,735640.29,True,https://mplad-portal.gov.in/photos/geo_proof_383.jpg,"Karya 'Anganwadi & Nutritious Meal Center' at Gram Panchayat Bengaluru Urban successfully completed. Total expenditure Rs 713,435.43 verified against Sanction Order 2023/MPLAD/383. Site inspection conducted by Junior Engineer PWD on 23-May-2024. All quality benchmarks, MB book entries, and muster rolls found satisfactory. Upayogita Praman Patra niyamit hai."
MPLAD-CH-2021-1384,Shri Sunil Soni,Raipur (CG-08),Chhattisgarh,Raipur,Solar High-Mast Street Lighting,21.294465,81.55781,2022-09-23,2022-11-16,,Ongoing,3623807.64,3488441.34,1210564.47,2277876.87,National Highway Contractors,REG-MH-11209,CDEFG3456H,2019-08-20,3336968.16,False,,"Karya 'Solar High-Mast Street Lighting' at Gram Panchayat Raipur successfully completed. Total expenditure Rs 1,210,564.47 verified against Sanction Order 2022/MPLAD/384. Site inspection conducted by Junior Engineer PWD on 20-Jul-2023. All quality benchmarks, MB book entries, and muster rolls found satisfactory. Upayogita Praman Patra niyamit hai."
MPLAD-UT-2022-1385,Shri Ramesh Kumar,Phoolpur (UP-52),Uttar Pradesh,Prayagraj,Model Digital Library & Smart Class,25.357753,81.84592,2023-10-19,2024-01-11,2024-10-03,Completed,6678920.44,6169905.46,6148632.26,21273.2,Sai Krupa Water Solutions,REG-MP-88321,EFGHI5678K,2022-02-01,6008165.09,True,https://mplad-portal.gov.in/photos/geo_proof_385.jpg,"Karya 'Model Digital Library & Smart Class' at Gram Panchayat Prayagraj successfully completed. Total expenditure Rs 6,148,632.26 verified against Sanction Order 2023/MPLAD/385. Site inspection conducted by Junior Engineer PWD on 03-Oct-2024. All quality benchmarks, MB book entries, and muster rolls found satisfactory. Upayogita Praman Patra niyamit hai."
MPLAD-TA-2023-1386,Shri D. Kathir Anand,Vellore (TN-08),Tamil Nadu,Salem,Model Digital Library & Smart Class,11.623454,78.153575,2022-03-02,2022-03-23,2022-07-08,Completed,5072938.15,4584272.7,4726375.1,0.0,Apex Infra Buildtech Pvt Ltd,REG-UP-98213,AABCA1234F,2017-12-31,4507943.77,True,https://mplad-portal.gov.in/photos/geo_proof_386.jpg,"Karya 'Model Digital Library & Smart Class' at Gram Panchayat Salem successfully completed. Total expenditure Rs 4,726,375.10 verified against Sanction Order 2022/MPLAD/386. Site inspection conducted by Junior Engineer PWD on 08-Jul-2022. All quality benchmarks, MB book entries, and muster rolls found satisfactory. Upayogita Praman Patra niyamit hai."
MPLAD-OD-2024-1387,Shri Pinaki Mishra,Puri (OD-17),Odisha,Puri,School Classroom & Lab Building,19.750922,85.910198,2021-11-27,2022-01-17,,Ongoing,5398927.71,5168006.17,2712535.94,2455470.23,Apex Infra Buildtech Pvt Ltd,REG-UP-98213,AABCA1234F,2017-01-17,5159296.34,False,,"Karya 'School Classroom & Lab Building' at Gram Panchayat Puri successfully completed. Total expenditure Rs 2,712,535.94 verified against Sanction Order 2021/MPLAD/387. Site inspection conducted by Junior Engineer PWD on 21-Aug-2022. All quality benchmarks, MB book entries, and muster rolls found satisfactory. Upayogita Praman Patra niyamit hai."
MPLAD-UT-2021-1388,Shri Ravi Shankar,Varanasi (UP-77),Uttar Pradesh,Varanasi,Road Construction & Culverts,25.360562,82.945551,2023-02-16,2023-03-11,2023-11-20,Completed,4353297.58,4045446.62,3792569.61,252877.01,Shree Balaji Constructions,REG-BR-45210,BCDEF2345G,2016-05-25,3983676.58,True,https://mplad-portal.gov.in/photos/geo_proof_388.jpg,"Karya 'Road Construction & Culverts' at Gram Panchayat Varanasi successfully completed. Total expenditure Rs 3,792,569.61 verified against Sanction Order 2023/MPLAD/388. Site inspection conducted by Junior Engineer PWD on 20-Nov-2023. All quality benchmarks, MB book entries, and muster rolls found satisfactory. Upayogita Praman Patra niyamit hai."
MPLAD-UT-2022-1389,Shri Ramakant Yadav,Azamgarh (UP-69),Uttar Pradesh,Gorakhpur,Community Hall & Cyclone Shelter,26.791933,83.391129,2021-08-12,2021-11-08,,Stalled,4202626.36,3819208.04,691347.44,3127860.6,Pioneer Civil Works,REG-RJ-77412,DEFGH4567J,2017-07-28,3743736.29,False,,"Karya 'Community Hall & Cyclone Shelter' at Gram Panchayat Gorakhpur successfully completed. Total expenditure Rs 691,347.44 verified against Sanction Order 2021/MPLAD/389. Site inspection conducted by Junior Engineer PWD on 12-Jul-2022. All quality benchmarks, MB book entries, and muster rolls found satisfactory. Upayogita Praman Patra niyamit hai."
MPLAD-UT-2023-1390,Shri Ramakant Yadav,Azamgarh (UP-69),Uttar Pradesh,Gorakhpur,Model Digital Library & Smart Class,26.722146,83.385223,2022-12-26,2023-01-26,2023-08-31,Completed,4137940.6,3985605.46,3921937.72,63667.74,Bharat Engineering Associates,REG-TN-66543,FGHIJ6789L,2018-11-28,3822177.15,True,https://mplad-portal.gov.in/photos/geo_proof_390.jpg,"Karya 'Model Digital Library & Smart Class' at Gram Panchayat Gorakhpur successfully completed. Total expenditure Rs 3,921,937.72 verified against Sanction Order 2022/MPLAD/390. Site inspection conducted by Junior Engineer PWD on 31-Aug-2023. All quality benchmarks, MB book entries, and muster rolls found satisfactory. Upayogita Praman Patra niyamit hai."
MPLAD-RA-2024-1391,Smt. Meena Devi,Jaipur Rural (RJ-06),Rajasthan,Jaipur,Road Construction & Culverts,26.836238,75.807374,2021-08-30,2021-10-10,2022-07-01,Completed,3402424.65,3077660.56,2971341.25,106319.31,Shree Balaji Constructions,REG-BR-45210,BCDEF2345G,2018-08-02,3047813.95,True,https://mplad-portal.gov.in/photos/geo_proof_391.jpg,"Karya 'Road Construction & Culverts' at Gram Panchayat Jaipur successfully completed. Total expenditure Rs 2,971,341.25 verified against Sanction Order 2021/MPLAD/391. Site inspection conducted by Junior Engineer PWD on 01-Jul-2022. All quality benchmarks, MB book entries, and muster rolls found satisfactory. Upayogita Praman Patra niyamit hai."
MPLAD-GU-2021-1392,Smt. Darshana Jardosh,Surat (GJ-24),Gujarat,Surat,Community Health Center Expansion,21.216631,72.800344,2023-11-04,2024-01-28,,Ongoing,1296857.34,1210393.64,554868.33,655525.31,Sai Krupa Water Solutions,REG-MP-88321,EFGHI5678K,2022-09-11,1184304.91,False,,"Karya 'Community Health Center Expansion' at Gram Panchayat Surat successfully completed. Total expenditure Rs 554,868.33 verified against Sanction Order 2023/MPLAD/392. Site inspection conducted by Junior Engineer PWD on 18-Jun-2024. All quality benchmarks, MB book entries, and muster rolls found satisfactory. Upayogita Praman Patra niyamit hai."
MPLAD-CH-2022-1393,Shri Sunil Soni,Raipur (CG-08),Chhattisgarh,Raipur,Solar High-Mast Street Lighting,21.224282,81.60367,2023-09-09,2023-11-23,2024-08-13,Completed,1450277.27,1327784.86,1301070.27,26714.59,Pioneer Civil Works,REG-RJ-77412,DEFGH4567J,2017-09-06,1318837.21,True,https://mplad-portal.gov.in/photos/geo_proof_393.jpg,"Karya 'Solar High-Mast Street Lighting' at Gram Panchayat Raipur successfully completed. Total expenditure Rs 1,301,070.27 verified against Sanction Order 2023/MPLAD/393. Site inspection conducted by Junior Engineer PWD on 13-Aug-2024. All quality benchmarks, MB book entries, and muster rolls found satisfactory. Upayogita Praman Patra niyamit hai."
MPLAD-JH-2023-1394,Shri Sanjay Seth,Ranchi (JH-08),Jharkhand,Ranchi,Public Sanitation Complex & Toilets,23.273064,85.312972,2022-10-09,2023-01-03,2023-07-19,Completed,4541783.5,4238264.87,4403998.99,0.0,Durga Infratech Projects,REG-JH-77651,LMNOP2345S,2020-04-11,4194988.54,False,,"Karya 'Public Sanitation Complex & Toilets' at Gram Panchayat Ranchi successfully completed. Total expenditure Rs 4,403,998.99 verified against Sanction Order 2022/MPLAD/394. Site inspection conducted by Junior Engineer PWD on 19-Jul-2023. All quality benchmarks, MB book entries, and muster rolls found satisfactory. Upayogita Praman Patra niyamit hai."
MPLAD-MA-2024-1395,Shri Suresh Patel,Indore (MP-26),Madhya Pradesh,Indore,Road Construction & Culverts,22.796979,75.877942,2021-12-06,2022-03-04,2022-10-05,Completed,4666343.07,4603157.84,4684634.78,0.0,Bharat Engineering Associates,REG-TN-66543,FGHIJ6789L,2020-10-03,4535322.53,True,https://mplad-portal.gov.in/photos/geo_proof_395.jpg,"Karya 'Road Construction & Culverts' at Gram Panchayat Indore successfully completed. Total expenditure Rs 4,684,634.78 verified against Sanction Order 2021/MPLAD/395. Site inspection conducted by Junior Engineer PWD on 05-Oct-2022. All quality benchmarks, MB book entries, and muster rolls found satisfactory. Upayogita Praman Patra niyamit hai."
MPLAD-MA-2021-1396,Shri Suresh Patel,Indore (MP-26),Madhya Pradesh,Indore,Public Sanitation Complex & Toilets,22.719129,75.815723,2023-07-15,2023-09-06,2023-12-30,Completed,1725089.22,1617135.84,1495626.44,121509.4,Shree Balaji Constructions,REG-BR-45210,BCDEF2345G,2017-01-15,1552620.08,False,,"Karya 'Public Sanitation Complex & Toilets' at Gram Panchayat Indore successfully completed. Total expenditure Rs 1,495,626.44 verified against Sanction Order 2023/MPLAD/396. Site inspection conducted by Junior Engineer PWD on 30-Dec-2023. All quality benchmarks, MB book entries, and muster rolls found satisfactory. Upayogita Praman Patra niyamit hai."
MPLAD-UT-2022-1397,Shri Ramesh Kumar,Phoolpur (UP-52),Uttar Pradesh,Prayagraj,Drainage Canal Paving,25.380452,81.820719,2023-09-18,2023-12-09,,Ongoing,1503065.34,1483795.89,933093.07,550702.82,Trimurti Civil Developers,REG-WB-33219,IJKLM9012P,2021-05-28,1479197.89,False,,"Karya 'Drainage Canal Paving' at Gram Panchayat Prayagraj successfully completed. Total expenditure Rs 933,093.07 verified against Sanction Order 2023/MPLAD/397. Site inspection conducted by Junior Engineer PWD on 26-Apr-2024. All quality benchmarks, MB book entries, and muster rolls found satisfactory. Upayogita Praman Patra niyamit hai."
MPLAD-RA-2023-1398,Smt. Meena Devi,Jaipur Rural (RJ-06),Rajasthan,Jaipur,Road Construction & Culverts,26.894414,75.84567,2021-08-26,2021-09-10,,Sanctioned,5309366.32,5093958.73,110890.25,4983068.48,Om Shakti Roadways,REG-GJ-99120,HIJKL8901N,2020-04-25,4958173.12,False,,"Karya 'Road Construction & Culverts' at Gram Panchayat Jaipur successfully completed. Total expenditure Rs 110,890.25 verified against Sanction Order 2021/MPLAD/398. Site inspection conducted by Junior Engineer PWD on 27-Jan-2022. All quality benchmarks, MB book entries, and muster rolls found satisfactory. Upayogita Praman Patra niyamit hai."
MPLAD-UT-2024-1399,Smt. Priya Sharma,Allahabad (UP-53),Uttar Pradesh,Prayagraj,Community Hall & Cyclone Shelter,25.475089,81.769897,2022-10-02,2022-11-12,2023-04-03,Completed,2505971.64,2388761.28,2437640.88,0.0,Surya Power & Solar Ltd,REG-DL-44321,KLMNO1234R,2020-03-01,2349480.97,True,https://mplad-portal.gov.in/photos/geo_proof_399.jpg,"Karya 'Community Hall & Cyclone Shelter' at Gram Panchayat Prayagraj successfully completed. Total expenditure Rs 2,437,640.88 verified against Sanction Order 2022/MPLAD/399. Site inspection conducted by Junior Engineer PWD on 03-Apr-2023. All quality benchmarks, MB book entries, and muster rolls found satisfactory. Upayogita Praman Patra niyamit hai."
MPLAD-MA-2021-1400,Shri Suresh Patel,Indore (MP-26),Madhya Pradesh,Indore,School Classroom & Lab Building,22.792928,75.86724,2021-07-29,2021-09-08,2022-03-25,Completed,2729394.38,2495091.38,2523949.56,0.0,Apex Infra Buildtech Pvt Ltd,REG-UP-98213,AABCA1234F,2019-12-16,2405675.75,True,https://mplad-portal.gov.in/photos/geo_proof_400.jpg,"Karya 'School Classroom & Lab Building' at Gram Panchayat Indore successfully completed. Total expenditure Rs 2,523,949.56 verified against Sanction Order 2021/MPLAD/400. Site inspection conducted by Junior Engineer PWD on 25-Mar-2022. All quality benchmarks, MB book entries, and muster rolls found satisfactory. Upayogita Praman Patra niyamit hai."
MPLAD-MA-2022-1401,Shri Suresh Patel,Indore (MP-26),Madhya Pradesh,Indore,Model Digital Library & Smart Class,22.726092,75.785816,2021-03-01,2021-05-15,,Ongoing,1241488.43,1124018.78,528947.84,595070.94,Bharat Engineering Associates,REG-TN-66543,FGHIJ6789L,2015-05-06,1077876.85,False,,"Karya 'Model Digital Library & Smart Class' at Gram Panchayat Indore successfully completed. Total expenditure Rs 528,947.84 verified against Sanction Order 2021/MPLAD/401. Site inspection conducted by Junior Engineer PWD on 02-Mar-2022. All quality benchmarks, MB book entries, and muster rolls found satisfactory. Upayogita Praman Patra niyamit hai."
MPLAD-TA-2023-1402,Shri D. Kathir Anand,Vellore (TN-08),Tamil Nadu,Salem,Anganwadi & Nutritious Meal Center,11.637473,78.097704,2023-12-29,2024-01-23,,Ongoing,3759867.54,3433434.07,2146378.37,1287055.7,Sai Krupa Water Solutions,REG-MP-88321,EFGHI5678K,2017-12-02,3419646.95,False,,"Karya 'Anganwadi & Nutritious Meal Center' at Gram Panchayat Salem successfully completed. Total expenditure Rs 2,146,378.37 verified against Sanction Order 2023/MPLAD/402. Site inspection conducted by Junior Engineer PWD on 14-Nov-2024. All quality benchmarks, MB book entries, and muster rolls found satisfactory. Upayogita Praman Patra niyamit hai."
MPLAD-UT-2024-1403,Smt. Priya Sharma,Allahabad (UP-53),Uttar Pradesh,Prayagraj,Drainage Canal Paving,25.465316,81.879935,2023-08-12,2023-10-26,,Sanctioned,1506051.79,1490343.8,96146.83,1394196.97,Sai Krupa Water Solutions,REG-MP-88321,EFGHI5678K,2020-09-25,1442909.83,False,,"Karya 'Drainage Canal Paving' at Gram Panchayat Prayagraj successfully completed. Total expenditure Rs 96,146.83 verified against Sanction Order 2023/MPLAD/403. Site inspection conducted by Junior Engineer PWD on 22-Feb-2024. All quality benchmarks, MB book entries, and muster rolls found satisfactory. Upayogita Praman Patra niyamit hai."
MPLAD-GU-2021-1404,Smt. Darshana Jardosh,Surat (GJ-24),Gujarat,Surat,Anganwadi & Nutritious Meal Center,21.162725,72.755942,2023-09-01,2023-09-30,2024-02-26,Completed,6420363.84,5959546.96,5752869.92,206677.04,Bharat Engineering Associates,REG-TN-66543,FGHIJ6789L,2018-04-19,5832810.72,True,https://mplad-portal.gov.in/photos/geo_proof_404.jpg,"Karya 'Anganwadi & Nutritious Meal Center' at Gram Panchayat Surat successfully completed. Total expenditure Rs 5,752,869.92 verified against Sanction Order 2023/MPLAD/404. Site inspection conducted by Junior Engineer PWD on 26-Feb-2024. All quality benchmarks, MB book entries, and muster rolls found satisfactory. Upayogita Praman Patra niyamit hai."
MPLAD-CH-2022-1405,Shri Sunil Soni,Raipur (CG-08),Chhattisgarh,Raipur,School Classroom & Lab Building,21.260384,81.560948,2022-09-11,2022-12-03,2023-05-30,Completed,3394093.34,3265414.72,3236788.04,28626.68,Bharat Engineering Associates,REG-TN-66543,FGHIJ6789L,2018-01-20,3261152.0,True,https://mplad-portal.gov.in/photos/geo_proof_405.jpg,"Karya 'School Classroom & Lab Building' at Gram Panchayat Raipur successfully completed. Total expenditure Rs 3,236,788.04 verified against Sanction Order 2022/MPLAD/405. Site inspection conducted by Junior Engineer PWD on 30-May-2023. All quality benchmarks, MB book entries, and muster rolls found satisfactory. Upayogita Praman Patra niyamit hai."
MPLAD-RA-2023-1406,Smt. Meena Devi,Jaipur Rural (RJ-06),Rajasthan,Jaipur,Model Digital Library & Smart Class,26.95789,75.776957,2022-12-02,2023-02-24,2023-10-19,Completed,5138285.8,4664481.59,4855782.35,0.0,Green Valley Infrastructure,REG-KA-55432,GHIJK7890M,2016-11-27,4565172.05,True,https://mplad-portal.gov.in/photos/geo_proof_406.jpg,"Karya 'Model Digital Library & Smart Class' at Gram Panchayat Jaipur successfully completed. Total expenditure Rs 4,855,782.35 verified against Sanction Order 2022/MPLAD/406. Site inspection conducted by Junior Engineer PWD on 19-Oct-2023. All quality benchmarks, MB book entries, and muster rolls found satisfactory. Upayogita Praman Patra niyamit hai."
MPLAD-OD-2024-1407,Shri Pinaki Mishra,Puri (OD-17),Odisha,Puri,Community Hall & Cyclone Shelter,19.865024,85.779388,2023-04-12,2023-05-05,2023-12-04,Completed,6198467.04,6056734.99,5870541.46,186193.53,Shree Balaji Constructions,REG-BR-45210,BCDEF2345G,2021-06-11,5903588.98,True,https://mplad-portal.gov.in/photos/geo_proof_407.jpg,"Karya 'Community Hall & Cyclone Shelter' at Gram Panchayat Puri successfully completed. Total expenditure Rs 5,870,541.46 verified against Sanction Order 2023/MPLAD/407. Site inspection conducted by Junior Engineer PWD on 04-Dec-2023. All quality benchmarks, MB book entries, and muster rolls found satisfactory. Upayogita Praman Patra niyamit hai."
MPLAD-RA-2021-1408,Smt. Meena Devi,Jaipur Rural (RJ-06),Rajasthan,Jaipur,Solar High-Mast Street Lighting,26.976921,75.809081,2021-01-01,2021-02-03,2021-09-20,Completed,4218790.75,3961437.2,3942149.29,19287.91,Eastern Shelter Builders,REG-OD-22104,JKLMN0123Q,2016-08-19,3802121.39,True,https://mplad-portal.gov.in/photos/geo_proof_408.jpg,"Karya 'Solar High-Mast Street Lighting' at Gram Panchayat Jaipur successfully completed. Total expenditure Rs 3,942,149.29 verified against Sanction Order 2021/MPLAD/408. Site inspection conducted by Junior Engineer PWD on 20-Sep-2021. All quality benchmarks, MB book entries, and muster rolls found satisfactory. Upayogita Praman Patra niyamit hai."
MPLAD-MA-2022-1409,Shri Suresh Patel,Indore (MP-26),Madhya Pradesh,Indore,Model Digital Library & Smart Class,22.688328,75.928633,2023-06-10,2023-08-08,2023-10-29,Completed,4780435.29,4546396.59,4683664.93,0.0,Surya Power & Solar Ltd,REG-DL-44321,KLMNO1234R,2022-01-09,4512868.09,False,,"Karya 'Model Digital Library & Smart Class' at Gram Panchayat Indore successfully completed. Total expenditure Rs 4,683,664.93 verified against Sanction Order 2023/MPLAD/409. Site inspection conducted by Junior Engineer PWD on 29-Oct-2023. All quality benchmarks, MB book entries, and muster rolls found satisfactory. Upayogita Praman Patra niyamit hai."
MPLAD-UT-2023-1410,Shri Ramesh Kumar,Phoolpur (UP-52),Uttar Pradesh,Prayagraj,Community Hall & Cyclone Shelter,25.373352,81.811453,2021-03-05,2021-04-19,,Ongoing,3259878.27,3037596.07,1376382.91,1661213.16,Bharat Engineering Associates,REG-TN-66543,FGHIJ6789L,2017-12-26,2943668.29,False,,"Karya 'Community Hall & Cyclone Shelter' at Gram Panchayat Prayagraj successfully completed. Total expenditure Rs 1,376,382.91 verified against Sanction Order 2021/MPLAD/410. Site inspection conducted by Junior Engineer PWD on 06-Oct-2021. All quality benchmarks, MB book entries, and muster rolls found satisfactory. Upayogita Praman Patra niyamit hai."
MPLAD-KA-2024-1411,Shri Tejasvi Surya,Bengaluru South (KA-26),Karnataka,Bengaluru Urban,Solar High-Mast Street Lighting,12.913851,77.603467,2023-01-08,2023-03-17,2023-06-24,Completed,6609149.84,6031212.17,5557812.42,473399.75,Om Shakti Roadways,REG-GJ-99120,HIJKL8901N,2016-09-28,5925180.22,True,https://mplad-portal.gov.in/photos/geo_proof_411.jpg,"Karya 'Solar High-Mast Street Lighting' at Gram Panchayat Bengaluru Urban successfully completed. Total expenditure Rs 5,557,812.42 verified against Sanction Order 2023/MPLAD/411. Site inspection conducted by Junior Engineer PWD on 24-Jun-2023. All quality benchmarks, MB book entries, and muster rolls found satisfactory. Upayogita Praman Patra niyamit hai."
MPLAD-KA-2021-1412,Shri Tejasvi Surya,Bengaluru South (KA-26),Karnataka,Bengaluru Urban,Public Sanitation Complex & Toilets,12.905146,77.617359,2023-05-02,2023-07-14,,Ongoing,4731006.59,4459306.85,1658500.73,2800806.12,National Highway Contractors,REG-MH-11209,CDEFG3456H,2017-06-19,4349923.38,False,,"Karya 'Public Sanitation Complex & Toilets' at Gram Panchayat Bengaluru Urban successfully completed. Total expenditure Rs 1,658,500.73 verified against Sanction Order 2023/MPLAD/412. Site inspection conducted by Junior Engineer PWD on 27-Apr-2024. All quality benchmarks, MB book entries, and muster rolls found satisfactory. Upayogita Praman Patra niyamit hai."
MPLAD-UT-2022-1413,Shri Ramakant Yadav,Azamgarh (UP-69),Uttar Pradesh,Gorakhpur,Anganwadi & Nutritious Meal Center,26.710327,83.389932,2023-10-18,2023-12-02,2024-07-31,Completed,3375864.7,3222656.57,3118584.43,104072.14,Pioneer Civil Works,REG-RJ-77412,DEFGH4567J,2018-11-04,3219149.26,True,https://mplad-portal.gov.in/photos/geo_proof_413.jpg,"Karya 'Anganwadi & Nutritious Meal Center' at Gram Panchayat Gorakhpur successfully completed. Total expenditure Rs 3,118,584.43 verified against Sanction Order 2023/MPLAD/413. Site inspection conducted by Junior Engineer PWD on 31-Jul-2024. All quality benchmarks, MB book entries, and muster rolls found satisfactory. Upayogita Praman Patra niyamit hai."
MPLAD-UT-2023-1414,Smt. Priya Sharma,Allahabad (UP-53),Uttar Pradesh,Prayagraj,Model Digital Library & Smart Class,25.509678,81.77911,2023-12-15,2024-02-03,2024-07-31,Completed,4163497.56,4001150.55,3808615.46,192535.09,Om Shakti Roadways,REG-GJ-99120,HIJKL8901N,2022-04-05,3927261.87,True,https://mplad-portal.gov.in/photos/geo_proof_414.jpg,"Karya 'Model Digital Library & Smart Class' at Gram Panchayat Prayagraj successfully completed. Total expenditure Rs 3,808,615.46 verified against Sanction Order 2023/MPLAD/414. Site inspection conducted by Junior Engineer PWD on 31-Jul-2024. All quality benchmarks, MB book entries, and muster rolls found satisfactory. Upayogita Praman Patra niyamit hai."
MPLAD-KA-2024-1415,Shri Tejasvi Surya,Bengaluru South (KA-26),Karnataka,Bengaluru Urban,Community Hall & Cyclone Shelter,12.9416,77.523044,2022-12-05,2023-02-26,2023-11-12,Completed,3678243.4,3643688.17,3624068.69,19619.48,Eastern Shelter Builders,REG-OD-22104,JKLMN0123Q,2018-10-21,3521900.44,True,https://mplad-portal.gov.in/photos/geo_proof_415.jpg,"Karya 'Community Hall & Cyclone Shelter' at Gram Panchayat Bengaluru Urban successfully completed. Total expenditure Rs 3,624,068.69 verified against Sanction Order 2022/MPLAD/415. Site inspection conducted by Junior Engineer PWD on 12-Nov-2023. All quality benchmarks, MB book entries, and muster rolls found satisfactory. Upayogita Praman Patra niyamit hai."
MPLAD-MA-2021-1416,Shri Suresh Patel,Indore (MP-26),Madhya Pradesh,Indore,Solar High-Mast Street Lighting,22.750808,75.873322,2022-09-15,2022-12-11,2023-04-16,Completed,3812123.72,3495366.45,3239193.09,256173.36,Apex Infra Buildtech Pvt Ltd,REG-UP-98213,AABCA1234F,2021-07-31,3493682.53,True,https://mplad-portal.gov.in/photos/geo_proof_416.jpg,"Karya 'Solar High-Mast Street Lighting' at Gram Panchayat Indore successfully completed. Total expenditure Rs 3,239,193.09 verified against Sanction Order 2022/MPLAD/416. Site inspection conducted by Junior Engineer PWD on 16-Apr-2023. All quality benchmarks, MB book entries, and muster rolls found satisfactory. Upayogita Praman Patra niyamit hai."
MPLAD-MA-2022-1417,Shri Suresh Patel,Indore (MP-26),Madhya Pradesh,Indore,Drainage Canal Paving,22.659891,75.789998,2022-07-24,2022-09-09,2022-12-11,Completed,2426519.8,2246218.63,2283024.7,0.0,Shree Balaji Constructions,REG-BR-45210,BCDEF2345G,2020-01-17,2201723.46,True,https://mplad-portal.gov.in/photos/geo_proof_417.jpg,"Karya 'Drainage Canal Paving' at Gram Panchayat Indore successfully completed. Total expenditure Rs 2,283,024.70 verified against Sanction Order 2022/MPLAD/417. Site inspection conducted by Junior Engineer PWD on 11-Dec-2022. All quality benchmarks, MB book entries, and muster rolls found satisfactory. Upayogita Praman Patra niyamit hai."
MPLAD-KA-2023-1418,Shri Tejasvi Surya,Bengaluru South (KA-26),Karnataka,Bengaluru Urban,Drainage Canal Paving,13.020855,77.5564,2022-04-29,2022-07-15,,Ongoing,6534101.0,6104711.24,2037512.0,4067199.24,Bharat Engineering Associates,REG-TN-66543,FGHIJ6789L,2019-10-11,5843756.28,False,,"Karya 'Drainage Canal Paving' at Gram Panchayat Bengaluru Urban successfully completed. Total expenditure Rs 2,037,512.00 verified against Sanction Order 2022/MPLAD/418. Site inspection conducted by Junior Engineer PWD on 29-Oct-2022. All quality benchmarks, MB book entries, and muster rolls found satisfactory. Upayogita Praman Patra niyamit hai."
MPLAD-CH-2024-1419,Shri Sunil Soni,Raipur (CG-08),Chhattisgarh,Raipur,Drainage Canal Paving,21.294659,81.587672,2023-06-21,2023-07-27,2023-11-17,Completed,6392831.25,5788277.68,5524166.76,264110.92,Green Valley Infrastructure,REG-KA-55432,GHIJK7890M,2017-06-12,5736047.45,False,,"Karya 'Drainage Canal Paving' at Gram Panchayat Raipur successfully completed. Total expenditure Rs 5,524,166.76 verified against Sanction Order 2023/MPLAD/419. Site inspection conducted by Junior Engineer PWD on 17-Nov-2023. All quality benchmarks, MB book entries, and muster rolls found satisfactory. Upayogita Praman Patra niyamit hai."
MPLAD-UT-2021-1420,Shri Ramakant Yadav,Azamgarh (UP-69),Uttar Pradesh,Gorakhpur,Drainage Canal Paving,26.756803,83.44492,2023-12-27,2024-02-09,,Ongoing,3230493.41,2992284.95,1532579.09,1459705.86,Sai Krupa Water Solutions,REG-MP-88321,EFGHI5678K,2019-12-06,2907713.15,False,,"Karya 'Drainage Canal Paving' at Gram Panchayat Gorakhpur successfully completed. Total expenditure Rs 1,532,579.09 verified against Sanction Order 2023/MPLAD/420. Site inspection conducted by Junior Engineer PWD on 15-Jul-2024. All quality benchmarks, MB book entries, and muster rolls found satisfactory. Upayogita Praman Patra niyamit hai."
MPLAD-UT-2022-1421,Shri Ravi Shankar,Varanasi (UP-77),Uttar Pradesh,Varanasi,Drainage Canal Paving,25.346159,83.047782,2021-03-26,2021-04-22,2022-02-10,Completed,2976796.66,2930429.86,2928563.54,1866.32,Green Valley Infrastructure,REG-KA-55432,GHIJK7890M,2017-05-19,2879450.04,True,https://mplad-portal.gov.in/photos/geo_proof_421.jpg,"Karya 'Drainage Canal Paving' at Gram Panchayat Varanasi successfully completed. Total expenditure Rs 2,928,563.54 verified against Sanction Order 2021/MPLAD/421. Site inspection conducted by Junior Engineer PWD on 10-Feb-2022. All quality benchmarks, MB book entries, and muster rolls found satisfactory. Upayogita Praman Patra niyamit hai."
MPLAD-MA-2023-1422,Shri Suresh Patel,Indore (MP-26),Madhya Pradesh,Indore,School Classroom & Lab Building,22.744295,75.840285,2022-05-11,2022-08-09,2023-04-23,Completed,2861846.22,2773208.64,2616214.98,156993.66,Sai Krupa Water Solutions,REG-MP-88321,EFGHI5678K,2020-10-10,2710480.4,True,https://mplad-portal.gov.in/photos/geo_proof_422.jpg,"Karya 'School Classroom & Lab Building' at Gram Panchayat Indore successfully completed. Total expenditure Rs 2,616,214.98 verified against Sanction Order 2022/MPLAD/422. Site inspection conducted by Junior Engineer PWD on 23-Apr-2023. All quality benchmarks, MB book entries, and muster rolls found satisfactory. Upayogita Praman Patra niyamit hai."
MPLAD-UT-2024-1423,Shri Ramesh Kumar,Phoolpur (UP-52),Uttar Pradesh,Prayagraj,Public Sanitation Complex & Toilets,25.439842,81.87598,2022-12-21,2023-02-02,2023-10-05,Completed,1851556.72,1670789.32,1557096.06,113693.26,Shree Balaji Constructions,REG-BR-45210,BCDEF2345G,2019-09-20,1665652.1,True,https://mplad-portal.gov.in/photos/geo_proof_423.jpg,"Karya 'Public Sanitation Complex & Toilets' at Gram Panchayat Prayagraj successfully completed. Total expenditure Rs 1,557,096.06 verified against Sanction Order 2022/MPLAD/423. Site inspection conducted by Junior Engineer PWD on 05-Oct-2023. All quality benchmarks, MB book entries, and muster rolls found satisfactory. Upayogita Praman Patra niyamit hai."
MPLAD-TA-2021-1424,Shri D. Kathir Anand,Vellore (TN-08),Tamil Nadu,Salem,School Classroom & Lab Building,11.737547,78.079822,2021-09-24,2021-11-26,,Ongoing,5035340.87,4936245.39,1845698.91,3090546.48,Durga Infratech Projects,REG-JH-77651,LMNOP2345S,2018-11-05,4716791.05,False,,"Karya 'School Classroom & Lab Building' at Gram Panchayat Salem successfully completed. Total expenditure Rs 1,845,698.91 verified against Sanction Order 2021/MPLAD/424. Site inspection conducted by Junior Engineer PWD on 12-Jul-2022. All quality benchmarks, MB book entries, and muster rolls found satisfactory. Upayogita Praman Patra niyamit hai."
MPLAD-MA-2022-1425,Shri Suresh Patel,Indore (MP-26),Madhya Pradesh,Indore,Community Health Center Expansion,22.745276,75.789814,2023-07-18,2023-09-06,2024-05-19,Completed,6823740.45,6666712.88,6413661.37,253051.51,Om Shakti Roadways,REG-GJ-99120,HIJKL8901N,2022-01-09,6387366.29,False,,"Karya 'Community Health Center Expansion' at Gram Panchayat Indore successfully completed. Total expenditure Rs 6,413,661.37 verified against Sanction Order 2023/MPLAD/425. Site inspection conducted by Junior Engineer PWD on 19-May-2024. All quality benchmarks, MB book entries, and muster rolls found satisfactory. Upayogita Praman Patra niyamit hai."
MPLAD-UT-2023-1426,Shri Ramakant Yadav,Azamgarh (UP-69),Uttar Pradesh,Gorakhpur,Public Sanitation Complex & Toilets,26.839953,83.334518,2022-06-27,2022-08-03,2023-01-22,Completed,7355953.86,6767969.75,6571986.12,195983.63,Bharat Engineering Associates,REG-TN-66543,FGHIJ6789L,2016-10-30,6648001.79,True,https://mplad-portal.gov.in/photos/geo_proof_426.jpg,"Karya 'Public Sanitation Complex & Toilets' at Gram Panchayat Gorakhpur successfully completed. Total expenditure Rs 6,571,986.12 verified against Sanction Order 2022/MPLAD/426. Site inspection conducted by Junior Engineer PWD on 22-Jan-2023. All quality benchmarks, MB book entries, and muster rolls found satisfactory. Upayogita Praman Patra niyamit hai."
MPLAD-RA-2024-1427,Smt. Meena Devi,Jaipur Rural (RJ-06),Rajasthan,Jaipur,Model Digital Library & Smart Class,26.8494,75.777953,2022-06-15,2022-07-13,2022-09-19,Completed,4499411.92,4162224.35,4070508.35,91716.0,Surya Power & Solar Ltd,REG-DL-44321,KLMNO1234R,2021-08-16,4140687.42,True,https://mplad-portal.gov.in/photos/geo_proof_427.jpg,"Karya 'Model Digital Library & Smart Class' at Gram Panchayat Jaipur successfully completed. Total expenditure Rs 4,070,508.35 verified against Sanction Order 2022/MPLAD/427. Site inspection conducted by Junior Engineer PWD on 19-Sep-2022. All quality benchmarks, MB book entries, and muster rolls found satisfactory. Upayogita Praman Patra niyamit hai."
MPLAD-UT-2021-1428,Shri Ravi Shankar,Varanasi (UP-77),Uttar Pradesh,Varanasi,Road Construction & Culverts,25.300077,82.918157,2022-11-07,2023-01-11,2023-08-06,Completed,5453239.56,5328355.26,5233287.41,95067.85,Surya Power & Solar Ltd,REG-DL-44321,KLMNO1234R,2021-03-30,5169547.03,True,https://mplad-portal.gov.in/photos/geo_proof_428.jpg,"Karya 'Road Construction & Culverts' at Gram Panchayat Varanasi successfully completed. Total expenditure Rs 5,233,287.41 verified against Sanction Order 2022/MPLAD/428. Site inspection conducted by Junior Engineer PWD on 06-Aug-2023. All quality benchmarks, MB book entries, and muster rolls found satisfactory. Upayogita Praman Patra niyamit hai."
MPLAD-MA-2022-1429,Shri Rajesh Patil,Pune (MH-34),Maharashtra,Pune,Deep Borewell & Drinking Water Supply,18.501908,73.886982,2023-09-15,2023-10-15,2024-05-07,Completed,7441209.66,6945208.18,6663008.05,282200.13,Apex Infra Buildtech Pvt Ltd,REG-UP-98213,AABCA1234F,2021-11-13,6617114.7,True,https://mplad-portal.gov.in/photos/geo_proof_429.jpg,"Karya 'Deep Borewell & Drinking Water Supply' at Gram Panchayat Pune successfully completed. Total expenditure Rs 6,663,008.05 verified against Sanction Order 2023/MPLAD/429. Site inspection conducted by Junior Engineer PWD on 07-May-2024. All quality benchmarks, MB book entries, and muster rolls found satisfactory. Upayogita Praman Patra niyamit hai."
MPLAD-OD-2023-1430,Shri Pinaki Mishra,Puri (OD-17),Odisha,Puri,Community Hall & Cyclone Shelter,19.746373,85.824742,2022-08-17,2022-09-26,2023-01-09,Completed,7272590.72,7025856.51,6736764.61,289091.9,Bharat Engineering Associates,REG-TN-66543,FGHIJ6789L,2017-10-11,6811604.68,True,https://mplad-portal.gov.in/photos/geo_proof_430.jpg,"Karya 'Community Hall & Cyclone Shelter' at Gram Panchayat Puri successfully completed. Total expenditure Rs 6,736,764.61 verified against Sanction Order 2022/MPLAD/430. Site inspection conducted by Junior Engineer PWD on 09-Jan-2023. All quality benchmarks, MB book entries, and muster rolls found satisfactory. Upayogita Praman Patra niyamit hai."
MPLAD-WE-2024-1431,Smt. Ananya Sen,Diamond Harbour (WB-21),West Bengal,South 24 Parganas,School Classroom & Lab Building,22.185077,88.140314,2021-03-15,2021-04-23,,Ongoing,4650618.0,4413079.57,1435120.47,2977959.1,Surya Power & Solar Ltd,REG-DL-44321,KLMNO1234R,2016-12-06,4311700.55,False,,"Karya 'School Classroom & Lab Building' at Gram Panchayat South 24 Parganas successfully completed. Total expenditure Rs 1,435,120.47 verified against Sanction Order 2021/MPLAD/431. Site inspection conducted by Junior Engineer PWD on 28-Jun-2021. All quality benchmarks, MB book entries, and muster rolls found satisfactory. Upayogita Praman Patra niyamit hai."
MPLAD-WE-2021-1432,Smt. Ananya Sen,Diamond Harbour (WB-21),West Bengal,South 24 Parganas,Community Hall & Cyclone Shelter,22.269652,88.112627,2022-11-26,2022-12-18,,Ongoing,799701.73,729183.0,454165.42,275017.58,Om Shakti Roadways,REG-GJ-99120,HIJKL8901N,2016-12-10,717053.64,False,,"Karya 'Community Hall & Cyclone Shelter' at Gram Panchayat South 24 Parganas successfully completed. Total expenditure Rs 454,165.42 verified against Sanction Order 2022/MPLAD/432. Site inspection conducted by Junior Engineer PWD on 13-May-2023. All quality benchmarks, MB book entries, and muster rolls found satisfactory. Upayogita Praman Patra niyamit hai."
MPLAD-KA-2022-1433,Shri Tejasvi Surya,Bengaluru South (KA-26),Karnataka,Bengaluru Urban,Community Hall & Cyclone Shelter,13.010168,77.551878,2021-05-28,2021-06-16,2022-02-19,Completed,5076820.69,4808368.38,4997541.52,0.0,National Highway Contractors,REG-MH-11209,CDEFG3456H,2019-02-14,4578961.53,True,https://mplad-portal.gov.in/photos/geo_proof_433.jpg,"Karya 'Community Hall & Cyclone Shelter' at Gram Panchayat Bengaluru Urban successfully completed. Total expenditure Rs 4,997,541.52 verified against Sanction Order 2021/MPLAD/433. Site inspection conducted by Junior Engineer PWD on 19-Feb-2022. All quality benchmarks, MB book entries, and muster rolls found satisfactory. Upayogita Praman Patra niyamit hai."
MPLAD-UT-2023-1434,Shri Ramesh Kumar,Phoolpur (UP-52),Uttar Pradesh,Prayagraj,Solar High-Mast Street Lighting,25.363793,81.815474,2021-07-19,2021-09-30,2022-05-04,Completed,4637297.43,4552805.95,4251515.17,301290.78,Surya Power & Solar Ltd,REG-DL-44321,KLMNO1234R,2018-04-03,4438335.55,True,https://mplad-portal.gov.in/photos/geo_proof_434.jpg,"Karya 'Solar High-Mast Street Lighting' at Gram Panchayat Prayagraj successfully completed. Total expenditure Rs 4,251,515.17 verified against Sanction Order 2021/MPLAD/434. Site inspection conducted by Junior Engineer PWD on 04-May-2022. All quality benchmarks, MB book entries, and muster rolls found satisfactory. Upayogita Praman Patra niyamit hai."
MPLAD-UT-2024-1435,Smt. Priya Sharma,Allahabad (UP-53),Uttar Pradesh,Prayagraj,Deep Borewell & Drinking Water Supply,25.409775,81.900043,2023-04-04,2023-05-30,,Stalled,4531769.07,4140826.68,865874.9,3274951.78,Green Valley Infrastructure,REG-KA-55432,GHIJK7890M,2021-12-04,4097990.17,False,,"Karya 'Deep Borewell & Drinking Water Supply' at Gram Panchayat Prayagraj successfully completed. Total expenditure Rs 865,874.90 verified against Sanction Order 2023/MPLAD/435. Site inspection conducted by Junior Engineer PWD on 28-Aug-2023. All quality benchmarks, MB book entries, and muster rolls found satisfactory. Upayogita Praman Patra niyamit hai."
MPLAD-TA-2021-1436,Shri D. Kathir Anand,Vellore (TN-08),Tamil Nadu,Salem,Solar High-Mast Street Lighting,11.594416,78.109823,2023-05-01,2023-06-06,2024-01-30,Completed,1655042.89,1529862.83,1523220.4,6642.43,Bharat Engineering Associates,REG-TN-66543,FGHIJ6789L,2018-04-17,1463571.65,True,https://mplad-portal.gov.in/photos/geo_proof_436.jpg,"Karya 'Solar High-Mast Street Lighting' at Gram Panchayat Salem successfully completed. Total expenditure Rs 1,523,220.40 verified against Sanction Order 2023/MPLAD/436. Site inspection conducted by Junior Engineer PWD on 30-Jan-2024. All quality benchmarks, MB book entries, and muster rolls found satisfactory. Upayogita Praman Patra niyamit hai."
MPLAD-JH-2022-1437,Shri Sanjay Seth,Ranchi (JH-08),Jharkhand,Ranchi,Solar High-Mast Street Lighting,23.40484,85.242516,2021-01-15,2021-02-21,2021-12-15,Completed,5062290.54,5005043.7,4875457.57,129586.13,Apex Infra Buildtech Pvt Ltd,REG-UP-98213,AABCA1234F,2018-10-19,4956848.08,True,https://mplad-portal.gov.in/photos/geo_proof_437.jpg,"Karya 'Solar High-Mast Street Lighting' at Gram Panchayat Ranchi successfully completed. Total expenditure Rs 4,875,457.57 verified against Sanction Order 2021/MPLAD/437. Site inspection conducted by Junior Engineer PWD on 15-Dec-2021. All quality benchmarks, MB book entries, and muster rolls found satisfactory. Upayogita Praman Patra niyamit hai."
MPLAD-RA-2023-1438,Smt. Meena Devi,Jaipur Rural (RJ-06),Rajasthan,Jaipur,Solar High-Mast Street Lighting,26.875752,75.779367,2022-05-05,2022-06-11,,Ongoing,4673903.8,4541725.22,2474422.4,2067302.82,Surya Power & Solar Ltd,REG-DL-44321,KLMNO1234R,2018-02-22,4334627.36,False,,"Karya 'Solar High-Mast Street Lighting' at Gram Panchayat Jaipur successfully completed. Total expenditure Rs 2,474,422.40 verified against Sanction Order 2022/MPLAD/438. Site inspection conducted by Junior Engineer PWD on 13-Jan-2023. All quality benchmarks, MB book entries, and muster rolls found satisfactory. Upayogita Praman Patra niyamit hai."
MPLAD-OD-2024-1439,Shri Pinaki Mishra,Puri (OD-17),Odisha,Puri,Public Sanitation Complex & Toilets,19.822734,85.781904,2023-12-22,2024-01-18,2024-08-23,Completed,5827897.67,5559652.84,5273363.51,286289.33,Apex Infra Buildtech Pvt Ltd,REG-UP-98213,AABCA1234F,2020-01-20,5495808.92,True,https://mplad-portal.gov.in/photos/geo_proof_439.jpg,"Karya 'Public Sanitation Complex & Toilets' at Gram Panchayat Puri successfully completed. Total expenditure Rs 5,273,363.51 verified against Sanction Order 2023/MPLAD/439. Site inspection conducted by Junior Engineer PWD on 23-Aug-2024. All quality benchmarks, MB book entries, and muster rolls found satisfactory. Upayogita Praman Patra niyamit hai."
MPLAD-UT-2021-1440,Shri Ramesh Kumar,Phoolpur (UP-52),Uttar Pradesh,Prayagraj,Deep Borewell & Drinking Water Supply,25.483258,81.875939,2023-08-30,2023-11-16,2024-02-29,Completed,6958711.28,6300436.41,6094696.28,205740.13,Shree Balaji Constructions,REG-BR-45210,BCDEF2345G,2017-10-04,6051439.93,True,https://mplad-portal.gov.in/photos/geo_proof_440.jpg,"Karya 'Deep Borewell & Drinking Water Supply' at Gram Panchayat Prayagraj successfully completed. Total expenditure Rs 6,094,696.28 verified against Sanction Order 2023/MPLAD/440. Site inspection conducted by Junior Engineer PWD on 29-Feb-2024. All quality benchmarks, MB book entries, and muster rolls found satisfactory. Upayogita Praman Patra niyamit hai."
MPLAD-UT-2022-1441,Shri Ramesh Kumar,Phoolpur (UP-52),Uttar Pradesh,Prayagraj,School Classroom & Lab Building,25.364193,81.852278,2021-11-20,2021-12-08,2022-06-10,Completed,996016.49,919851.09,899454.97,20396.12,Durga Infratech Projects,REG-JH-77651,LMNOP2345S,2017-05-31,900523.26,True,https://mplad-portal.gov.in/photos/geo_proof_441.jpg,"Karya 'School Classroom & Lab Building' at Gram Panchayat Prayagraj successfully completed. Total expenditure Rs 899,454.97 verified against Sanction Order 2021/MPLAD/441. Site inspection conducted by Junior Engineer PWD on 10-Jun-2022. All quality benchmarks, MB book entries, and muster rolls found satisfactory. Upayogita Praman Patra niyamit hai."
MPLAD-RA-2023-1442,Smt. Meena Devi,Jaipur Rural (RJ-06),Rajasthan,Jaipur,School Classroom & Lab Building,26.868845,75.745239,2023-04-25,2023-06-04,,Sanctioned,1014708.01,972606.99,13212.71,959394.28,Bharat Engineering Associates,REG-TN-66543,FGHIJ6789L,2020-01-26,945172.91,False,,"Karya 'School Classroom & Lab Building' at Gram Panchayat Jaipur successfully completed. Total expenditure Rs 13,212.71 verified against Sanction Order 2023/MPLAD/442. Site inspection conducted by Junior Engineer PWD on 07-Nov-2023. All quality benchmarks, MB book entries, and muster rolls found satisfactory. Upayogita Praman Patra niyamit hai."
MPLAD-UT-2024-1443,Shri Ravi Shankar,Varanasi (UP-77),Uttar Pradesh,Varanasi,Model Digital Library & Smart Class,25.26609,82.953658,2023-07-27,2023-09-04,2024-04-12,Completed,2387861.72,2229281.75,2060240.44,169041.31,Om Shakti Roadways,REG-GJ-99120,HIJKL8901N,2021-07-02,2181203.48,True,https://mplad-portal.gov.in/photos/geo_proof_443.jpg,"Karya 'Model Digital Library & Smart Class' at Gram Panchayat Varanasi successfully completed. Total expenditure Rs 2,060,240.44 verified against Sanction Order 2023/MPLAD/443. Site inspection conducted by Junior Engineer PWD on 12-Apr-2024. All quality benchmarks, MB book entries, and muster rolls found satisfactory. Upayogita Praman Patra niyamit hai."
MPLAD-CH-2021-1444,Shri Sunil Soni,Raipur (CG-08),Chhattisgarh,Raipur,Drainage Canal Paving,21.238316,81.671254,2022-03-27,2022-05-18,2022-12-18,Completed,6061957.79,6033321.19,6260929.16,0.0,Om Shakti Roadways,REG-GJ-99120,HIJKL8901N,2018-11-03,5906054.75,True,https://mplad-portal.gov.in/photos/geo_proof_444.jpg,"Karya 'Drainage Canal Paving' at Gram Panchayat Raipur successfully completed. Total expenditure Rs 6,260,929.16 verified against Sanction Order 2022/MPLAD/444. Site inspection conducted by Junior Engineer PWD on 18-Dec-2022. All quality benchmarks, MB book entries, and muster rolls found satisfactory. Upayogita Praman Patra niyamit hai."
MPLAD-UT-2022-1445,Smt. Priya Sharma,Allahabad (UP-53),Uttar Pradesh,Prayagraj,Public Sanitation Complex & Toilets,25.434074,81.925606,2023-08-28,2023-11-10,2024-03-20,Completed,3496772.57,3452223.15,3287269.33,164953.82,Trimurti Civil Developers,REG-WB-33219,IJKLM9012P,2021-03-01,3354568.17,True,https://mplad-portal.gov.in/photos/geo_proof_445.jpg,"Karya 'Public Sanitation Complex & Toilets' at Gram Panchayat Prayagraj successfully completed. Total expenditure Rs 3,287,269.33 verified against Sanction Order 2023/MPLAD/445. Site inspection conducted by Junior Engineer PWD on 20-Mar-2024. All quality benchmarks, MB book entries, and muster rolls found satisfactory. Upayogita Praman Patra niyamit hai."
MPLAD-UT-2023-1446,Shri Ravi Shankar,Varanasi (UP-77),Uttar Pradesh,Varanasi,Model Digital Library & Smart Class,25.304443,82.900976,2023-08-22,2023-11-09,2024-01-16,Completed,3260241.09,3198204.09,3231992.97,0.0,Apex Infra Buildtech Pvt Ltd,REG-UP-98213,AABCA1234F,2021-11-20,3053964.96,True,https://mplad-portal.gov.in/photos/geo_proof_446.jpg,"Karya 'Model Digital Library & Smart Class' at Gram Panchayat Varanasi successfully completed. Total expenditure Rs 3,231,992.97 verified against Sanction Order 2023/MPLAD/446. Site inspection conducted by Junior Engineer PWD on 16-Jan-2024. All quality benchmarks, MB book entries, and muster rolls found satisfactory. Upayogita Praman Patra niyamit hai."
MPLAD-MA-2024-1447,Shri Rajesh Patil,Pune (MH-34),Maharashtra,Pune,Road Construction & Culverts,18.557486,73.928689,2021-09-29,2021-11-28,2022-04-12,Completed,7492661.61,6755331.38,6802447.31,0.0,Durga Infratech Projects,REG-JH-77651,LMNOP2345S,2020-08-26,6472216.4,True,https://mplad-portal.gov.in/photos/geo_proof_447.jpg,"Karya 'Road Construction & Culverts' at Gram Panchayat Pune successfully completed. Total expenditure Rs 6,802,447.31 verified against Sanction Order 2021/MPLAD/447. Site inspection conducted by Junior Engineer PWD on 12-Apr-2022. All quality benchmarks, MB book entries, and muster rolls found satisfactory. Upayogita Praman Patra niyamit hai."
MPLAD-WE-2021-1448,Smt. Ananya Sen,Diamond Harbour (WB-21),West Bengal,South 24 Parganas,Drainage Canal Paving,22.254872,88.174858,2023-01-29,2023-04-13,2023-12-09,Completed,6522678.56,5916525.12,6130386.66,0.0,National Highway Contractors,REG-MH-11209,CDEFG3456H,2017-06-25,5719181.24,False,,"Karya 'Drainage Canal Paving' at Gram Panchayat South 24 Parganas successfully completed. Total expenditure Rs 6,130,386.66 verified against Sanction Order 2023/MPLAD/448. Site inspection conducted by Junior Engineer PWD on 09-Dec-2023. All quality benchmarks, MB book entries, and muster rolls found satisfactory. Upayogita Praman Patra niyamit hai."
MPLAD-JH-2022-1449,Shri Sanjay Seth,Ranchi (JH-08),Jharkhand,Ranchi,Community Health Center Expansion,23.415475,85.31639,2022-03-01,2022-03-26,,Sanctioned,5650325.5,5116263.33,1209129.36,3907133.97,Durga Infratech Projects,REG-JH-77651,LMNOP2345S,2020-10-06,5033035.28,False,,"Karya 'Community Health Center Expansion' at Gram Panchayat Ranchi successfully completed. Total expenditure Rs 1,209,129.36 verified against Sanction Order 2022/MPLAD/449. Site inspection conducted by Junior Engineer PWD on 30-Oct-2022. All quality benchmarks, MB book entries, and muster rolls found satisfactory. Upayogita Praman Patra niyamit hai."
MPLAD-UT-2023-1450,Smt. Priya Sharma,Allahabad (UP-53),Uttar Pradesh,Prayagraj,Public Sanitation Complex & Toilets,25.430256,81.77284,2023-01-21,2023-02-27,2023-10-10,Completed,969041.4,940874.97,890644.14,50230.83,Bharat Engineering Associates,REG-TN-66543,FGHIJ6789L,2020-12-17,939992.98,True,https://mplad-portal.gov.in/photos/geo_proof_450.jpg,"Karya 'Public Sanitation Complex & Toilets' at Gram Panchayat Prayagraj successfully completed. Total expenditure Rs 890,644.14 verified against Sanction Order 2023/MPLAD/450. Site inspection conducted by Junior Engineer PWD on 10-Oct-2023. All quality benchmarks, MB book entries, and muster rolls found satisfactory. Upayogita Praman Patra niyamit hai."
MPLAD-KA-2024-1451,Shri Tejasvi Surya,Bengaluru South (KA-26),Karnataka,Bengaluru Urban,Drainage Canal Paving,13.041864,77.607419,2022-03-06,2022-04-18,2022-09-07,Completed,2371504.97,2295670.58,2194727.4,100943.18,Durga Infratech Projects,REG-JH-77651,LMNOP2345S,2015-11-27,2188160.79,True,https://mplad-portal.gov.in/photos/geo_proof_451.jpg,"Karya 'Drainage Canal Paving' at Gram Panchayat Bengaluru Urban successfully completed. Total expenditure Rs 2,194,727.40 verified against Sanction Order 2022/MPLAD/451. Site inspection conducted by Junior Engineer PWD on 07-Sep-2022. All quality benchmarks, MB book entries, and muster rolls found satisfactory. Upayogita Praman Patra niyamit hai."
MPLAD-MA-2021-1452,Shri Rajesh Patil,Pune (MH-34),Maharashtra,Pune,Community Hall & Cyclone Shelter,18.515626,73.861805,2023-12-28,2024-02-18,2024-08-11,Completed,6099327.07,6066003.59,6218523.93,0.0,Shree Balaji Constructions,REG-BR-45210,BCDEF2345G,2018-01-13,6048071.24,False,,"Karya 'Community Hall & Cyclone Shelter' at Gram Panchayat Pune successfully completed. Total expenditure Rs 6,218,523.93 verified against Sanction Order 2023/MPLAD/452. Site inspection conducted by Junior Engineer PWD on 11-Aug-2024. All quality benchmarks, MB book entries, and muster rolls found satisfactory. Upayogita Praman Patra niyamit hai."
MPLAD-UT-2022-1453,Smt. Priya Sharma,Allahabad (UP-53),Uttar Pradesh,Prayagraj,School Classroom & Lab Building,25.499471,81.81244,2021-06-07,2021-07-05,2021-10-15,Completed,5379574.78,5108621.06,5281032.46,0.0,Green Valley Infrastructure,REG-KA-55432,GHIJK7890M,2017-04-29,4986189.8,True,https://mplad-portal.gov.in/photos/geo_proof_453.jpg,"Karya 'School Classroom & Lab Building' at Gram Panchayat Prayagraj successfully completed. Total expenditure Rs 5,281,032.46 verified against Sanction Order 2021/MPLAD/453. Site inspection conducted by Junior Engineer PWD on 15-Oct-2021. All quality benchmarks, MB book entries, and muster rolls found satisfactory. Upayogita Praman Patra niyamit hai."
MPLAD-UT-2023-1454,Shri Ramakant Yadav,Azamgarh (UP-69),Uttar Pradesh,Gorakhpur,Community Hall & Cyclone Shelter,26.756425,83.360421,2021-02-13,2021-04-06,2021-07-23,Completed,6602555.91,6095696.22,6358837.26,0.0,National Highway Contractors,REG-MH-11209,CDEFG3456H,2016-06-15,5987397.65,True,https://mplad-portal.gov.in/photos/geo_proof_454.jpg,"Karya 'Community Hall & Cyclone Shelter' at Gram Panchayat Gorakhpur successfully completed. Total expenditure Rs 6,358,837.26 verified against Sanction Order 2021/MPLAD/454. Site inspection conducted by Junior Engineer PWD on 23-Jul-2021. All quality benchmarks, MB book entries, and muster rolls found satisfactory. Upayogita Praman Patra niyamit hai."
MPLAD-KA-2024-1455,Shri Tejasvi Surya,Bengaluru South (KA-26),Karnataka,Bengaluru Urban,Anganwadi & Nutritious Meal Center,12.986537,77.626098,2023-07-01,2023-09-12,2024-01-27,Completed,6787973.46,6317224.11,6460023.71,0.0,Om Shakti Roadways,REG-GJ-99120,HIJKL8901N,2019-06-12,6072994.52,True,https://mplad-portal.gov.in/photos/geo_proof_455.jpg,"Karya 'Anganwadi & Nutritious Meal Center' at Gram Panchayat Bengaluru Urban successfully completed. Total expenditure Rs 6,460,023.71 verified against Sanction Order 2023/MPLAD/455. Site inspection conducted by Junior Engineer PWD on 27-Jan-2024. All quality benchmarks, MB book entries, and muster rolls found satisfactory. Upayogita Praman Patra niyamit hai."
MPLAD-JH-2021-1456,Shri Sanjay Seth,Ranchi (JH-08),Jharkhand,Ranchi,Road Construction & Culverts,23.320599,85.302548,2021-12-07,2022-01-11,2022-09-10,Completed,1775963.57,1629510.39,1649153.24,0.0,National Highway Contractors,REG-MH-11209,CDEFG3456H,2019-04-22,1621746.68,True,https://mplad-portal.gov.in/photos/geo_proof_456.jpg,"Karya 'Road Construction & Culverts' at Gram Panchayat Ranchi successfully completed. Total expenditure Rs 1,649,153.24 verified against Sanction Order 2021/MPLAD/456. Site inspection conducted by Junior Engineer PWD on 10-Sep-2022. All quality benchmarks, MB book entries, and muster rolls found satisfactory. Upayogita Praman Patra niyamit hai."
MPLAD-RA-2022-1457,Smt. Meena Devi,Jaipur Rural (RJ-06),Rajasthan,Jaipur,School Classroom & Lab Building,26.991404,75.799224,2023-06-22,2023-08-09,2024-01-10,Completed,4437410.7,4009062.6,3853521.75,155540.85,Apex Infra Buildtech Pvt Ltd,REG-UP-98213,AABCA1234F,2020-10-30,3877534.68,True,https://mplad-portal.gov.in/photos/geo_proof_457.jpg,"Karya 'School Classroom & Lab Building' at Gram Panchayat Jaipur successfully completed. Total expenditure Rs 3,853,521.75 verified against Sanction Order 2023/MPLAD/457. Site inspection conducted by Junior Engineer PWD on 10-Jan-2024. All quality benchmarks, MB book entries, and muster rolls found satisfactory. Upayogita Praman Patra niyamit hai."
MPLAD-MA-2023-1458,Shri Rajesh Patil,Pune (MH-34),Maharashtra,Pune,Community Health Center Expansion,18.587669,73.84143,2023-10-20,2023-11-22,,Sanctioned,1592372.87,1587619.66,216767.87,1370851.79,Shree Balaji Constructions,REG-BR-45210,BCDEF2345G,2019-09-01,1548517.3,False,,"Karya 'Community Health Center Expansion' at Gram Panchayat Pune successfully completed. Total expenditure Rs 216,767.87 verified against Sanction Order 2023/MPLAD/458. Site inspection conducted by Junior Engineer PWD on 17-May-2024. All quality benchmarks, MB book entries, and muster rolls found satisfactory. Upayogita Praman Patra niyamit hai."
MPLAD-WE-2024-1459,Smt. Ananya Sen,Diamond Harbour (WB-21),West Bengal,South 24 Parganas,Community Health Center Expansion,22.221702,88.237932,2023-06-25,2023-08-22,2024-04-14,Completed,3852868.63,3483024.42,3511380.01,0.0,Eastern Shelter Builders,REG-OD-22104,JKLMN0123Q,2020-03-10,3329227.31,False,,"Karya 'Community Health Center Expansion' at Gram Panchayat South 24 Parganas successfully completed. Total expenditure Rs 3,511,380.01 verified against Sanction Order 2023/MPLAD/459. Site inspection conducted by Junior Engineer PWD on 14-Apr-2024. All quality benchmarks, MB book entries, and muster rolls found satisfactory. Upayogita Praman Patra niyamit hai."
MPLAD-WE-2021-1460,Smt. Ananya Sen,Diamond Harbour (WB-21),West Bengal,South 24 Parganas,Anganwadi & Nutritious Meal Center,22.167219,88.207304,2022-02-04,2022-05-04,2022-11-14,Completed,7049655.54,6540619.07,6036542.22,504076.85,Shree Balaji Constructions,REG-BR-45210,BCDEF2345G,2020-04-18,6389665.6,True,https://mplad-portal.gov.in/photos/geo_proof_460.jpg,"Karya 'Anganwadi & Nutritious Meal Center' at Gram Panchayat South 24 Parganas successfully completed. Total expenditure Rs 6,036,542.22 verified against Sanction Order 2022/MPLAD/460. Site inspection conducted by Junior Engineer PWD on 14-Nov-2022. All quality benchmarks, MB book entries, and muster rolls found satisfactory. Upayogita Praman Patra niyamit hai."
MPLAD-MA-2022-1461,Shri Rajesh Patil,Pune (MH-34),Maharashtra,Pune,Public Sanitation Complex & Toilets,18.518874,73.873207,2023-11-14,2023-12-06,,Ongoing,3282905.98,3189659.56,1502508.88,1687150.68,Pioneer Civil Works,REG-RJ-77412,DEFGH4567J,2022-11-30,3091754.97,False,,"Karya 'Public Sanitation Complex & Toilets' at Gram Panchayat Pune successfully completed. Total expenditure Rs 1,502,508.88 verified against Sanction Order 2023/MPLAD/461. Site inspection conducted by Junior Engineer PWD on 23-Sep-2024. All quality benchmarks, MB book entries, and muster rolls found satisfactory. Upayogita Praman Patra niyamit hai."
MPLAD-MA-2023-1462,Shri Suresh Patel,Indore (MP-26),Madhya Pradesh,Indore,Anganwadi & Nutritious Meal Center,22.688894,75.848992,2021-06-29,2021-08-10,,Sanctioned,5690693.74,5358135.16,592749.55,4765385.61,Bharat Engineering Associates,REG-TN-66543,FGHIJ6789L,2015-12-02,5134108.94,False,,"Karya 'Anganwadi & Nutritious Meal Center' at Gram Panchayat Indore successfully completed. Total expenditure Rs 592,749.55 verified against Sanction Order 2021/MPLAD/462. Site inspection conducted by Junior Engineer PWD on 13-Apr-2022. All quality benchmarks, MB book entries, and muster rolls found satisfactory. Upayogita Praman Patra niyamit hai."
MPLAD-GU-2024-1463,Smt. Darshana Jardosh,Surat (GJ-24),Gujarat,Surat,Public Sanitation Complex & Toilets,21.223882,72.84677,2021-10-22,2021-12-02,2022-04-18,Completed,6572680.74,6563898.55,6095203.71,468694.84,National Highway Contractors,REG-MH-11209,CDEFG3456H,2019-12-30,6550802.03,True,https://mplad-portal.gov.in/photos/geo_proof_463.jpg,"Karya 'Public Sanitation Complex & Toilets' at Gram Panchayat Surat successfully completed. Total expenditure Rs 6,095,203.71 verified against Sanction Order 2021/MPLAD/463. Site inspection conducted by Junior Engineer PWD on 18-Apr-2022. All quality benchmarks, MB book entries, and muster rolls found satisfactory. Upayogita Praman Patra niyamit hai."
MPLAD-UT-2021-1464,Shri Ramesh Kumar,Phoolpur (UP-52),Uttar Pradesh,Prayagraj,Public Sanitation Complex & Toilets,25.502106,81.832622,2023-08-05,2023-10-31,,Sanctioned,1894802.93,1863024.0,134819.21,1728204.79,Surya Power & Solar Ltd,REG-DL-44321,KLMNO1234R,2019-05-22,1815571.44,False,,"Karya 'Public Sanitation Complex & Toilets' at Gram Panchayat Prayagraj successfully completed. Total expenditure Rs 134,819.21 verified against Sanction Order 2023/MPLAD/464. Site inspection conducted by Junior Engineer PWD on 10-Jul-2024. All quality benchmarks, MB book entries, and muster rolls found satisfactory. Upayogita Praman Patra niyamit hai."
MPLAD-CH-2022-1465,Shri Sunil Soni,Raipur (CG-08),Chhattisgarh,Raipur,Model Digital Library & Smart Class,21.250456,81.667977,2022-04-05,2022-04-23,2023-01-10,Completed,2338739.16,2328454.93,2394703.2,0.0,Sai Krupa Water Solutions,REG-MP-88321,EFGHI5678K,2018-03-19,2267046.72,True,https://mplad-portal.gov.in/photos/geo_proof_465.jpg,"Karya 'Model Digital Library & Smart Class' at Gram Panchayat Raipur successfully completed. Total expenditure Rs 2,394,703.20 verified against Sanction Order 2022/MPLAD/465. Site inspection conducted by Junior Engineer PWD on 10-Jan-2023. All quality benchmarks, MB book entries, and muster rolls found satisfactory. Upayogita Praman Patra niyamit hai."
MPLAD-UT-2023-1466,Shri Ramakant Yadav,Azamgarh (UP-69),Uttar Pradesh,Gorakhpur,Solar High-Mast Street Lighting,26.825687,83.396366,2021-02-28,2021-03-30,2021-12-10,Completed,7460330.68,6764076.54,6878548.56,0.0,Om Shakti Roadways,REG-GJ-99120,HIJKL8901N,2017-06-13,6622391.38,True,https://mplad-portal.gov.in/photos/geo_proof_466.jpg,"Karya 'Solar High-Mast Street Lighting' at Gram Panchayat Gorakhpur successfully completed. Total expenditure Rs 6,878,548.56 verified against Sanction Order 2021/MPLAD/466. Site inspection conducted by Junior Engineer PWD on 10-Dec-2021. All quality benchmarks, MB book entries, and muster rolls found satisfactory. Upayogita Praman Patra niyamit hai."
MPLAD-KA-2024-1467,Shri Tejasvi Surya,Bengaluru South (KA-26),Karnataka,Bengaluru Urban,Drainage Canal Paving,13.022525,77.574312,2021-02-05,2021-03-25,2021-07-04,Completed,1522959.85,1440879.01,1455470.5,0.0,Durga Infratech Projects,REG-JH-77651,LMNOP2345S,2016-03-24,1394582.52,False,,"Karya 'Drainage Canal Paving' at Gram Panchayat Bengaluru Urban successfully completed. Total expenditure Rs 1,455,470.50 verified against Sanction Order 2021/MPLAD/467. Site inspection conducted by Junior Engineer PWD on 04-Jul-2021. All quality benchmarks, MB book entries, and muster rolls found satisfactory. Upayogita Praman Patra niyamit hai."
MPLAD-UT-2021-1468,Shri Ramakant Yadav,Azamgarh (UP-69),Uttar Pradesh,Gorakhpur,Anganwadi & Nutritious Meal Center,26.726977,83.377938,2021-06-07,2021-08-26,,Ongoing,1782732.48,1621307.6,974489.21,646818.39,Apex Infra Buildtech Pvt Ltd,REG-UP-98213,AABCA1234F,2017-01-24,1584318.47,False,,"Karya 'Anganwadi & Nutritious Meal Center' at Gram Panchayat Gorakhpur successfully completed. Total expenditure Rs 974,489.21 verified against Sanction Order 2021/MPLAD/468. Site inspection conducted by Junior Engineer PWD on 13-Dec-2021. All quality benchmarks, MB book entries, and muster rolls found satisfactory. Upayogita Praman Patra niyamit hai."
MPLAD-CH-2022-1469,Shri Sunil Soni,Raipur (CG-08),Chhattisgarh,Raipur,Community Health Center Expansion,21.281071,81.659735,2021-07-16,2021-10-07,2022-05-03,Completed,1506022.59,1376045.23,1316303.28,59741.95,Sai Krupa Water Solutions,REG-MP-88321,EFGHI5678K,2018-11-22,1360826.71,True,https://mplad-portal.gov.in/photos/geo_proof_469.jpg,"Karya 'Community Health Center Expansion' at Gram Panchayat Raipur successfully completed. Total expenditure Rs 1,316,303.28 verified against Sanction Order 2021/MPLAD/469. Site inspection conducted by Junior Engineer PWD on 03-May-2022. All quality benchmarks, MB book entries, and muster rolls found satisfactory. Upayogita Praman Patra niyamit hai."
MPLAD-UT-2023-1470,Smt. Priya Sharma,Allahabad (UP-53),Uttar Pradesh,Prayagraj,Deep Borewell & Drinking Water Supply,25.436341,81.899352,2023-12-13,2024-03-05,2024-11-02,Completed,5794147.21,5280766.49,5174432.32,106334.17,National Highway Contractors,REG-MH-11209,CDEFG3456H,2022-12-07,5036900.78,True,https://mplad-portal.gov.in/photos/geo_proof_470.jpg,"Karya 'Deep Borewell & Drinking Water Supply' at Gram Panchayat Prayagraj successfully completed. Total expenditure Rs 5,174,432.32 verified against Sanction Order 2023/MPLAD/470. Site inspection conducted by Junior Engineer PWD on 02-Nov-2024. All quality benchmarks, MB book entries, and muster rolls found satisfactory. Upayogita Praman Patra niyamit hai."
MPLAD-WE-2024-1471,Smt. Ananya Sen,Diamond Harbour (WB-21),West Bengal,South 24 Parganas,Anganwadi & Nutritious Meal Center,22.225568,88.132242,2023-06-25,2023-09-14,,Stalled,1705450.12,1586867.49,295339.93,1291527.56,Sai Krupa Water Solutions,REG-MP-88321,EFGHI5678K,2021-03-20,1516933.99,False,,"Karya 'Anganwadi & Nutritious Meal Center' at Gram Panchayat South 24 Parganas successfully completed. Total expenditure Rs 295,339.93 verified against Sanction Order 2023/MPLAD/471. Site inspection conducted by Junior Engineer PWD on 26-May-2024. All quality benchmarks, MB book entries, and muster rolls found satisfactory. Upayogita Praman Patra niyamit hai."
MPLAD-CH-2021-1472,Shri Sunil Soni,Raipur (CG-08),Chhattisgarh,Raipur,Solar High-Mast Street Lighting,21.207652,81.569655,2021-09-24,2021-10-19,,Ongoing,5988208.06,5435936.77,3315252.39,2120684.38,Durga Infratech Projects,REG-JH-77651,LMNOP2345S,2020-06-07,5369980.93,False,,"Karya 'Solar High-Mast Street Lighting' at Gram Panchayat Raipur successfully completed. Total expenditure Rs 3,315,252.39 verified against Sanction Order 2021/MPLAD/472. Site inspection conducted by Junior Engineer PWD on 05-Apr-2022. All quality benchmarks, MB book entries, and muster rolls found satisfactory. Upayogita Praman Patra niyamit hai."
MPLAD-RA-2022-1473,Smt. Meena Devi,Jaipur Rural (RJ-06),Rajasthan,Jaipur,School Classroom & Lab Building,26.959289,75.789457,2021-05-02,2021-07-16,,Sanctioned,802970.47,746894.69,1918.1,744976.59,Apex Infra Buildtech Pvt Ltd,REG-UP-98213,AABCA1234F,2019-02-15,713153.86,False,,"Karya 'School Classroom & Lab Building' at Gram Panchayat Jaipur successfully completed. Total expenditure Rs 1,918.10 verified against Sanction Order 2021/MPLAD/473. Site inspection conducted by Junior Engineer PWD on 14-Oct-2021. All quality benchmarks, MB book entries, and muster rolls found satisfactory. Upayogita Praman Patra niyamit hai."
MPLAD-UT-2023-1474,Shri Ravi Shankar,Varanasi (UP-77),Uttar Pradesh,Varanasi,Model Digital Library & Smart Class,25.331616,82.925904,2022-12-21,2023-01-08,2023-04-01,Completed,5723386.09,5309800.28,5285203.56,24596.72,Pioneer Civil Works,REG-RJ-77412,DEFGH4567J,2019-06-10,5137816.72,True,https://mplad-portal.gov.in/photos/geo_proof_474.jpg,"Karya 'Model Digital Library & Smart Class' at Gram Panchayat Varanasi successfully completed. Total expenditure Rs 5,285,203.56 verified against Sanction Order 2022/MPLAD/474. Site inspection conducted by Junior Engineer PWD on 01-Apr-2023. All quality benchmarks, MB book entries, and muster rolls found satisfactory. Upayogita Praman Patra niyamit hai."
MPLAD-MA-2024-1475,Shri Rajesh Patil,Pune (MH-34),Maharashtra,Pune,Model Digital Library & Smart Class,18.456257,73.869201,2021-01-29,2021-04-21,,Ongoing,7249846.59,6649395.06,4000323.6,2649071.46,Shree Balaji Constructions,REG-BR-45210,BCDEF2345G,2019-02-25,6318364.54,False,,"Karya 'Model Digital Library & Smart Class' at Gram Panchayat Pune successfully completed. Total expenditure Rs 4,000,323.60 verified against Sanction Order 2021/MPLAD/475. Site inspection conducted by Junior Engineer PWD on 14-Aug-2021. All quality benchmarks, MB book entries, and muster rolls found satisfactory. Upayogita Praman Patra niyamit hai."
MPLAD-UT-2021-1476,Shri Ravi Shankar,Varanasi (UP-77),Uttar Pradesh,Varanasi,Deep Borewell & Drinking Water Supply,25.373807,82.969854,2022-01-15,2022-03-27,,Stalled,1765939.76,1652005.27,156781.52,1495223.75,Trimurti Civil Developers,REG-WB-33219,IJKLM9012P,2018-09-01,1587104.1,False,,"Karya 'Deep Borewell & Drinking Water Supply' at Gram Panchayat Varanasi successfully completed. Total expenditure Rs 156,781.52 verified against Sanction Order 2022/MPLAD/476. Site inspection conducted by Junior Engineer PWD on 14-Nov-2022. All quality benchmarks, MB book entries, and muster rolls found satisfactory. Upayogita Praman Patra niyamit hai."
MPLAD-UT-2022-1477,Shri Ramakant Yadav,Azamgarh (UP-69),Uttar Pradesh,Gorakhpur,School Classroom & Lab Building,26.700378,83.310851,2021-10-06,2021-12-23,2022-09-04,Completed,2517898.82,2447935.62,2278274.67,169660.95,Bharat Engineering Associates,REG-TN-66543,FGHIJ6789L,2015-10-27,2385967.7,True,https://mplad-portal.gov.in/photos/geo_proof_477.jpg,"Karya 'School Classroom & Lab Building' at Gram Panchayat Gorakhpur successfully completed. Total expenditure Rs 2,278,274.67 verified against Sanction Order 2021/MPLAD/477. Site inspection conducted by Junior Engineer PWD on 04-Sep-2022. All quality benchmarks, MB book entries, and muster rolls found satisfactory. Upayogita Praman Patra niyamit hai."
MPLAD-TA-2023-1478,Shri D. Kathir Anand,Vellore (TN-08),Tamil Nadu,Salem,Community Health Center Expansion,11.740489,78.137033,2023-04-15,2023-06-06,2024-03-10,Completed,6497416.25,6429033.96,6585367.06,0.0,Surya Power & Solar Ltd,REG-DL-44321,KLMNO1234R,2022-04-28,6409451.77,True,https://mplad-portal.gov.in/photos/geo_proof_478.jpg,"Karya 'Community Health Center Expansion' at Gram Panchayat Salem successfully completed. Total expenditure Rs 6,585,367.06 verified against Sanction Order 2023/MPLAD/478. Site inspection conducted by Junior Engineer PWD on 10-Mar-2024. All quality benchmarks, MB book entries, and muster rolls found satisfactory. Upayogita Praman Patra niyamit hai."
MPLAD-KA-2024-1479,Shri Tejasvi Surya,Bengaluru South (KA-26),Karnataka,Bengaluru Urban,Drainage Canal Paving,12.908428,77.584689,2021-06-24,2021-07-24,2021-10-28,Completed,5365259.81,5353225.99,5440944.92,0.0,Surya Power & Solar Ltd,REG-DL-44321,KLMNO1234R,2016-07-31,5324433.03,True,https://mplad-portal.gov.in/photos/geo_proof_479.jpg,"Karya 'Drainage Canal Paving' at Gram Panchayat Bengaluru Urban successfully completed. Total expenditure Rs 5,440,944.92 verified against Sanction Order 2021/MPLAD/479. Site inspection conducted by Junior Engineer PWD on 28-Oct-2021. All quality benchmarks, MB book entries, and muster rolls found satisfactory. Upayogita Praman Patra niyamit hai."
MPLAD-RA-2021-1480,Smt. Meena Devi,Jaipur Rural (RJ-06),Rajasthan,Jaipur,Anganwadi & Nutritious Meal Center,26.927594,75.865806,2021-09-09,2021-10-23,2022-07-24,Completed,3993770.79,3899844.1,3976188.94,0.0,Pioneer Civil Works,REG-RJ-77412,DEFGH4567J,2016-05-19,3820609.01,True,https://mplad-portal.gov.in/photos/geo_proof_480.jpg,"Karya 'Anganwadi & Nutritious Meal Center' at Gram Panchayat Jaipur successfully completed. Total expenditure Rs 3,976,188.94 verified against Sanction Order 2021/MPLAD/480. Site inspection conducted by Junior Engineer PWD on 24-Jul-2022. All quality benchmarks, MB book entries, and muster rolls found satisfactory. Upayogita Praman Patra niyamit hai."
MPLAD-OD-2022-1481,Shri Pinaki Mishra,Puri (OD-17),Odisha,Puri,Drainage Canal Paving,19.830006,85.815911,2023-09-20,2023-12-09,2024-04-18,Completed,3682443.19,3359194.67,3304152.18,55042.49,Surya Power & Solar Ltd,REG-DL-44321,KLMNO1234R,2022-07-26,3230003.7,True,https://mplad-portal.gov.in/photos/geo_proof_481.jpg,"Karya 'Drainage Canal Paving' at Gram Panchayat Puri successfully completed. Total expenditure Rs 3,304,152.18 verified against Sanction Order 2023/MPLAD/481. Site inspection conducted by Junior Engineer PWD on 18-Apr-2024. All quality benchmarks, MB book entries, and muster rolls found satisfactory. Upayogita Praman Patra niyamit hai."
MPLAD-UT-2023-1482,Smt. Priya Sharma,Allahabad (UP-53),Uttar Pradesh,Prayagraj,Road Construction & Culverts,25.435502,81.77058,2022-01-02,2022-03-06,,Ongoing,1569156.56,1509837.23,511130.41,998706.82,Shree Balaji Constructions,REG-BR-45210,BCDEF2345G,2015-05-10,1440121.8,False,,"Karya 'Road Construction & Culverts' at Gram Panchayat Prayagraj successfully completed. Total expenditure Rs 511,130.41 verified against Sanction Order 2022/MPLAD/482. Site inspection conducted by Junior Engineer PWD on 06-Oct-2022. All quality benchmarks, MB book entries, and muster rolls found satisfactory. Upayogita Praman Patra niyamit hai."
MPLAD-JH-2024-1483,Shri Sanjay Seth,Ranchi (JH-08),Jharkhand,Ranchi,Drainage Canal Paving,23.296409,85.335535,2023-10-02,2023-12-20,2024-04-24,Completed,6166371.18,5883044.3,5425915.0,457129.3,Om Shakti Roadways,REG-GJ-99120,HIJKL8901N,2021-08-06,5813614.05,True,https://mplad-portal.gov.in/photos/geo_proof_483.jpg,"Karya 'Drainage Canal Paving' at Gram Panchayat Ranchi successfully completed. Total expenditure Rs 5,425,915.00 verified against Sanction Order 2023/MPLAD/483. Site inspection conducted by Junior Engineer PWD on 24-Apr-2024. All quality benchmarks, MB book entries, and muster rolls found satisfactory. Upayogita Praman Patra niyamit hai."
MPLAD-UT-2021-1484,Shri Ramakant Yadav,Azamgarh (UP-69),Uttar Pradesh,Gorakhpur,Drainage Canal Paving,26.81706,83.364009,2021-03-15,2021-04-03,2021-07-17,Completed,6522524.92,6067934.01,6139460.97,0.0,Bharat Engineering Associates,REG-TN-66543,FGHIJ6789L,2016-01-08,5913650.6,True,https://mplad-portal.gov.in/photos/geo_proof_484.jpg,"Karya 'Drainage Canal Paving' at Gram Panchayat Gorakhpur successfully completed. Total expenditure Rs 6,139,460.97 verified against Sanction Order 2021/MPLAD/484. Site inspection conducted by Junior Engineer PWD on 17-Jul-2021. All quality benchmarks, MB book entries, and muster rolls found satisfactory. Upayogita Praman Patra niyamit hai."
MPLAD-WE-2022-1485,Smt. Ananya Sen,Diamond Harbour (WB-21),West Bengal,South 24 Parganas,School Classroom & Lab Building,22.223004,88.215613,2023-08-21,2023-11-04,,Sanctioned,4046795.34,3800501.23,470018.56,3330482.67,Eastern Shelter Builders,REG-OD-22104,JKLMN0123Q,2018-11-11,3794965.94,False,,"Karya 'School Classroom & Lab Building' at Gram Panchayat South 24 Parganas successfully completed. Total expenditure Rs 470,018.56 verified against Sanction Order 2023/MPLAD/485. Site inspection conducted by Junior Engineer PWD on 25-May-2024. All quality benchmarks, MB book entries, and muster rolls found satisfactory. Upayogita Praman Patra niyamit hai."
MPLAD-JH-2023-1486,Shri Sanjay Seth,Ranchi (JH-08),Jharkhand,Ranchi,Community Health Center Expansion,23.273928,85.324074,2021-09-20,2021-11-20,,Ongoing,4587768.85,4480045.29,2464299.09,2015746.2,Bharat Engineering Associates,REG-TN-66543,FGHIJ6789L,2016-02-06,4341292.32,False,,"Karya 'Community Health Center Expansion' at Gram Panchayat Ranchi successfully completed. Total expenditure Rs 2,464,299.09 verified against Sanction Order 2021/MPLAD/486. Site inspection conducted by Junior Engineer PWD on 18-Apr-2022. All quality benchmarks, MB book entries, and muster rolls found satisfactory. Upayogita Praman Patra niyamit hai."
MPLAD-OD-2024-1487,Shri Pinaki Mishra,Puri (OD-17),Odisha,Puri,Anganwadi & Nutritious Meal Center,19.789703,85.856998,2022-05-23,2022-07-07,2023-02-17,Completed,1094592.16,1060439.93,1095394.36,0.0,Green Valley Infrastructure,REG-KA-55432,GHIJK7890M,2017-11-30,1013487.43,True,https://mplad-portal.gov.in/photos/geo_proof_487.jpg,"Karya 'Anganwadi & Nutritious Meal Center' at Gram Panchayat Puri successfully completed. Total expenditure Rs 1,095,394.36 verified against Sanction Order 2022/MPLAD/487. Site inspection conducted by Junior Engineer PWD on 17-Feb-2023. All quality benchmarks, MB book entries, and muster rolls found satisfactory. Upayogita Praman Patra niyamit hai."
MPLAD-UT-2021-1488,Shri Ramesh Kumar,Phoolpur (UP-52),Uttar Pradesh,Prayagraj,Drainage Canal Paving,25.493939,81.857188,2023-05-13,2023-07-01,,Ongoing,4615924.64,4609353.77,2079256.61,2530097.16,Surya Power & Solar Ltd,REG-DL-44321,KLMNO1234R,2021-06-12,4468837.8,False,,"Karya 'Drainage Canal Paving' at Gram Panchayat Prayagraj successfully completed. Total expenditure Rs 2,079,256.61 verified against Sanction Order 2023/MPLAD/488. Site inspection conducted by Junior Engineer PWD on 04-Sep-2023. All quality benchmarks, MB book entries, and muster rolls found satisfactory. Upayogita Praman Patra niyamit hai."
MPLAD-JH-2022-1489,Shri Sanjay Seth,Ranchi (JH-08),Jharkhand,Ranchi,Drainage Canal Paving,23.374638,85.262545,2023-10-15,2024-01-02,,Ongoing,2876775.97,2765970.58,1231779.97,1534190.61,Shree Balaji Constructions,REG-BR-45210,BCDEF2345G,2017-05-24,2687968.98,False,,"Karya 'Drainage Canal Paving' at Gram Panchayat Ranchi successfully completed. Total expenditure Rs 1,231,779.97 verified against Sanction Order 2023/MPLAD/489. Site inspection conducted by Junior Engineer PWD on 25-Sep-2024. All quality benchmarks, MB book entries, and muster rolls found satisfactory. Upayogita Praman Patra niyamit hai."
MPLAD-KA-2023-1490,Shri Tejasvi Surya,Bengaluru South (KA-26),Karnataka,Bengaluru Urban,School Classroom & Lab Building,12.925853,77.557025,2022-09-01,2022-11-28,,Ongoing,4872006.03,4851514.89,2848240.64,2003274.25,Trimurti Civil Developers,REG-WB-33219,IJKLM9012P,2018-01-26,4749194.8,False,,"Karya 'School Classroom & Lab Building' at Gram Panchayat Bengaluru Urban successfully completed. Total expenditure Rs 2,848,240.64 verified against Sanction Order 2022/MPLAD/490. Site inspection conducted by Junior Engineer PWD on 09-May-2023. All quality benchmarks, MB book entries, and muster rolls found satisfactory. Upayogita Praman Patra niyamit hai."
MPLAD-MA-2024-1491,Shri Suresh Patel,Indore (MP-26),Madhya Pradesh,Indore,School Classroom & Lab Building,22.76779,75.853743,2022-03-06,2022-05-04,2023-01-22,Completed,6266172.65,5955771.23,5711514.17,244257.06,Eastern Shelter Builders,REG-OD-22104,JKLMN0123Q,2016-09-16,5855552.48,True,https://mplad-portal.gov.in/photos/geo_proof_491.jpg,"Karya 'School Classroom & Lab Building' at Gram Panchayat Indore successfully completed. Total expenditure Rs 5,711,514.17 verified against Sanction Order 2022/MPLAD/491. Site inspection conducted by Junior Engineer PWD on 22-Jan-2023. All quality benchmarks, MB book entries, and muster rolls found satisfactory. Upayogita Praman Patra niyamit hai."
MPLAD-UT-2021-1492,Shri Ramakant Yadav,Azamgarh (UP-69),Uttar Pradesh,Gorakhpur,Community Health Center Expansion,26.763059,83.40065,2022-01-05,2022-01-22,,Ongoing,6538968.65,6262267.81,2412107.34,3850160.47,Eastern Shelter Builders,REG-OD-22104,JKLMN0123Q,2015-12-14,6250406.16,False,,"Karya 'Community Health Center Expansion' at Gram Panchayat Gorakhpur successfully completed. Total expenditure Rs 2,412,107.34 verified against Sanction Order 2022/MPLAD/492. Site inspection conducted by Junior Engineer PWD on 30-Aug-2022. All quality benchmarks, MB book entries, and muster rolls found satisfactory. Upayogita Praman Patra niyamit hai."
MPLAD-MA-2022-1493,Shri Suresh Patel,Indore (MP-26),Madhya Pradesh,Indore,Community Hall & Cyclone Shelter,22.776044,75.922794,2021-05-03,2021-07-23,2021-11-11,Completed,1534205.82,1403870.84,1416631.83,0.0,Eastern Shelter Builders,REG-OD-22104,JKLMN0123Q,2016-12-10,1354754.71,True,https://mplad-portal.gov.in/photos/geo_proof_493.jpg,"Karya 'Community Hall & Cyclone Shelter' at Gram Panchayat Indore successfully completed. Total expenditure Rs 1,416,631.83 verified against Sanction Order 2021/MPLAD/493. Site inspection conducted by Junior Engineer PWD on 11-Nov-2021. All quality benchmarks, MB book entries, and muster rolls found satisfactory. Upayogita Praman Patra niyamit hai."
MPLAD-CH-2023-1494,Shri Sunil Soni,Raipur (CG-08),Chhattisgarh,Raipur,School Classroom & Lab Building,21.203969,81.61559,2022-08-11,2022-09-15,,Ongoing,2152908.82,1988961.24,715996.01,1272965.23,Surya Power & Solar Ltd,REG-DL-44321,KLMNO1234R,2018-04-23,1892268.3,False,,"Karya 'School Classroom & Lab Building' at Gram Panchayat Raipur successfully completed. Total expenditure Rs 715,996.01 verified against Sanction Order 2022/MPLAD/494. Site inspection conducted by Junior Engineer PWD on 18-Jan-2023. All quality benchmarks, MB book entries, and muster rolls found satisfactory. Upayogita Praman Patra niyamit hai."
MPLAD-WE-2024-1495,Smt. Ananya Sen,Diamond Harbour (WB-21),West Bengal,South 24 Parganas,Drainage Canal Paving,22.273607,88.177523,2021-03-17,2021-04-26,2021-08-04,Completed,703993.07,689185.97,658937.85,30248.12,Trimurti Civil Developers,REG-WB-33219,IJKLM9012P,2019-12-01,673703.62,True,https://mplad-portal.gov.in/photos/geo_proof_495.jpg,"Karya 'Drainage Canal Paving' at Gram Panchayat South 24 Parganas successfully completed. Total expenditure Rs 658,937.85 verified against Sanction Order 2021/MPLAD/495. Site inspection conducted by Junior Engineer PWD on 04-Aug-2021. All quality benchmarks, MB book entries, and muster rolls found satisfactory. Upayogita Praman Patra niyamit hai."
MPLAD-GU-2021-1496,Smt. Darshana Jardosh,Surat (GJ-24),Gujarat,Surat,Drainage Canal Paving,21.099052,72.894541,2022-10-05,2022-11-27,2023-09-04,Completed,7185619.34,7111444.52,7163481.59,0.0,Apex Infra Buildtech Pvt Ltd,REG-UP-98213,AABCA1234F,2020-05-13,7070809.5,True,https://mplad-portal.gov.in/photos/geo_proof_496.jpg,"Karya 'Drainage Canal Paving' at Gram Panchayat Surat successfully completed. Total expenditure Rs 7,163,481.59 verified against Sanction Order 2022/MPLAD/496. Site inspection conducted by Junior Engineer PWD on 04-Sep-2023. All quality benchmarks, MB book entries, and muster rolls found satisfactory. Upayogita Praman Patra niyamit hai."
MPLAD-RA-2022-1497,Smt. Meena Devi,Jaipur Rural (RJ-06),Rajasthan,Jaipur,School Classroom & Lab Building,26.949917,75.85657,2023-12-05,2024-03-03,,Sanctioned,2262656.41,2236537.4,133116.95,2103420.45,Eastern Shelter Builders,REG-OD-22104,JKLMN0123Q,2019-08-05,2138384.37,False,,"Karya 'School Classroom & Lab Building' at Gram Panchayat Jaipur successfully completed. Total expenditure Rs 133,116.95 verified against Sanction Order 2023/MPLAD/497. Site inspection conducted by Junior Engineer PWD on 16-Nov-2024. All quality benchmarks, MB book entries, and muster rolls found satisfactory. Upayogita Praman Patra niyamit hai."
MPLAD-OD-2023-1498,Shri Pinaki Mishra,Puri (OD-17),Odisha,Puri,Model Digital Library & Smart Class,19.795892,85.87094,2022-04-29,2022-07-07,2022-10-30,Completed,1726079.79,1720888.34,1681534.73,39353.61,Durga Infratech Projects,REG-JH-77651,LMNOP2345S,2016-01-03,1656725.53,True,https://mplad-portal.gov.in/photos/geo_proof_498.jpg,"Karya 'Model Digital Library & Smart Class' at Gram Panchayat Puri successfully completed. Total expenditure Rs 1,681,534.73 verified against Sanction Order 2022/MPLAD/498. Site inspection conducted by Junior Engineer PWD on 30-Oct-2022. All quality benchmarks, MB book entries, and muster rolls found satisfactory. Upayogita Praman Patra niyamit hai."
MPLAD-MA-2024-1499,Shri Rajesh Patil,Pune (MH-34),Maharashtra,Pune,Anganwadi & Nutritious Meal Center,18.592194,73.827338,2023-05-18,2023-08-01,2024-03-22,Completed,2444136.35,2391409.79,2245147.58,146262.21,Durga Infratech Projects,REG-JH-77651,LMNOP2345S,2019-02-06,2328661.8,True,https://mplad-portal.gov.in/photos/geo_proof_499.jpg,"Karya 'Anganwadi & Nutritious Meal Center' at Gram Panchayat Pune successfully completed. Total expenditure Rs 2,245,147.58 verified against Sanction Order 2023/MPLAD/499. Site inspection conducted by Junior Engineer PWD on 22-Mar-2024. All quality benchmarks, MB book entries, and muster rolls found satisfactory. Upayogita Praman Patra niyamit hai."
MPLAD-UT-2021-1500,Shri Ramesh Kumar,Phoolpur (UP-52),Uttar Pradesh,Prayagraj,Model Digital Library & Smart Class,25.490436,81.872256,2021-04-22,2021-06-06,2021-10-08,Completed,2664879.51,2653815.89,2566694.2,87121.69,Apex Infra Buildtech Pvt Ltd,REG-UP-98213,AABCA1234F,2017-11-01,2628903.23,True,https://mplad-portal.gov.in/photos/geo_proof_500.jpg,"Karya 'Model Digital Library & Smart Class' at Gram Panchayat Prayagraj successfully completed. Total expenditure Rs 2,566,694.20 verified against Sanction Order 2021/MPLAD/500. Site inspection conducted by Junior Engineer PWD on 08-Oct-2021. All quality benchmarks, MB book entries, and muster rolls found satisfactory. Upayogita Praman Patra niyamit hai."
